image_id,split,issues,status
000234,train,ok,ok
000220,train,ok,ok
000216,train,ok,ok
000215,train,ok,ok
000201,train,ok,ok
000230,train,ok,ok
000239,train,ok,ok
000208,train,ok,ok
000221,train,ok,ok
000213,train,ok,ok
000236,train,ok,ok
000225,train,ok,ok
000238,train,ok,ok
000223,train,ok,ok
000204,train,ok,ok
000224,train,ok,ok
000206,train,ok,ok
000209,train,ok,ok
000226,train,ok,ok
000202,train,ok,ok
000203,train,ok,ok
000232,train,ok,ok
000214,train,ok,ok
000233,train,ok,ok
000229,train,ok,ok
000207,train,ok,ok
000211,train,ok,ok
000210,train,ok,ok
000219,train,ok,ok
000205,train,ok,ok
000212,train,ok,ok
000240,train,ok,ok
000217,train,ok,ok
000227,train,ok,ok
000222,train,ok,ok
000228,train,ok,ok
000231,train,ok,ok
000237,train,ok,ok
000218,train,ok,ok
000242,train,ok,ok
000235,train,ok,ok
000241,train,ok,ok
000247,train,ok,ok
000243,train,ok,ok
000244,train,ok,ok
000245,train,ok,ok
000248,train,ok,ok
000250,train,ok,ok
000249,train,ok,ok
000246,train,ok,ok
000252,train,ok,ok
000251,train,ok,ok
000253,train,ok,ok
000254,train,ok,ok
000255,train,ok,ok
000258,train,ok,ok
000259,train,ok,ok
000257,train,ok,ok
000256,train,ok,ok
000262,train,ok,ok
000261,train,ok,ok
000263,train,ok,ok
000260,train,ok,ok
000265,train,ok,ok
000266,train,ok,ok
000264,train,ok,ok
000267,train,ok,ok
000271,train,ok,ok
000270,train,ok,ok
000268,train,ok,ok
000269,train,ok,ok
000272,train,ok,ok
000274,train,ok,ok
000273,train,ok,ok
000275,train,ok,ok
000277,train,ok,ok
000278,train,ok,ok
000280,train,ok,ok
000279,train,ok,ok
000276,train,ok,ok
000282,train,ok,ok
000281,train,ok,ok
000284,train,ok,ok
000288,train,ok,ok
000283,train,ok,ok
000285,train,ok,ok
000286,train,ok,ok
000289,train,ok,ok
000287,train,ok,ok
000290,train,ok,ok
000292,train,ok,ok
000293,train,ok,ok
000296,train,ok,ok
000291,train,ok,ok
000294,train,ok,ok
000295,train,ok,ok
000297,train,ok,ok
000300,train,ok,ok
000298,train,ok,ok
000501,train,ok,ok
000299,train,ok,ok
000502,train,ok,ok
000504,train,ok,ok
000505,train,ok,ok
000503,train,ok,ok
000507,train,ok,ok
000509,train,ok,ok
000506,train,ok,ok
000510,train,ok,ok
000508,train,ok,ok
000511,train,ok,ok
000512,train,ok,ok
000514,train,ok,ok
000513,train,ok,ok
000515,train,ok,ok
000516,train,ok,ok
000518,train,ok,ok
000517,train,ok,ok
000520,train,ok,ok
000522,train,ok,ok
000521,train,ok,ok
000524,train,ok,ok
000525,train,ok,ok
000519,train,ok,ok
000523,train,ok,ok
000527,train,ok,ok
000526,train,ok,ok
000528,train,ok,ok
000530,train,ok,ok
000529,train,ok,ok
000532,train,ok,ok
000533,train,ok,ok
000531,train,ok,ok
000535,train,ok,ok
000534,train,ok,ok
000536,train,ok,ok
000539,train,ok,ok
000538,train,ok,ok
000537,train,ok,ok
000540,train,ok,ok
000543,train,ok,ok
000544,train,ok,ok
000547,train,ok,ok
000542,train,ok,ok
000541,train,ok,ok
000546,train,ok,ok
000549,train,ok,ok
000548,train,ok,ok
000552,train,ok,ok
000554,train,ok,ok
000545,train,ok,ok
000553,train,ok,ok
000550,train,ok,ok
000555,train,ok,ok
000551,train,ok,ok
000557,train,ok,ok
000559,train,ok,ok
000560,train,ok,ok
000556,train,ok,ok
000558,train,ok,ok
000561,train,ok,ok
000562,train,ok,ok
000563,train,ok,ok
000565,train,ok,ok
000564,train,ok,ok
000568,train,ok,ok
000569,train,ok,ok
000570,train,ok,ok
000567,train,ok,ok
000566,train,ok,ok
000574,train,ok,ok
000571,train,ok,ok
000572,train,ok,ok
000575,train,ok,ok
000573,train,ok,ok
000578,train,ok,ok
000577,train,ok,ok
000576,train,ok,ok
000579,train,ok,ok
000581,train,ok,ok
000580,train,ok,ok
000582,train,ok,ok
000586,train,ok,ok
000585,train,ok,ok
000583,train,ok,ok
000587,train,ok,ok
000584,train,ok,ok
000590,train,ok,ok
000588,train,ok,ok
000594,train,ok,ok
000589,train,ok,ok
000593,train,ok,ok
000591,train,ok,ok
000596,train,ok,ok
000598,train,ok,ok
000600,train,ok,ok
000592,train,ok,ok
000599,train,ok,ok
000597,train,ok,ok
000595,train,ok,ok
000601,train,ok,ok
000603,train,ok,ok
000602,train,ok,ok
000604,train,ok,ok
000605,train,ok,ok
000608,train,ok,ok
000609,train,ok,ok
000607,train,ok,ok
000606,train,ok,ok
000612,train,ok,ok
000613,train,ok,ok
000611,train,ok,ok
000614,train,ok,ok
000610,train,ok,ok
000615,train,ok,ok
000618,train,ok,ok
000617,train,ok,ok
000616,train,ok,ok
000619,train,ok,ok
000620,train,ok,ok
000624,train,ok,ok
000623,train,ok,ok
000621,train,ok,ok
000622,train,ok,ok
000625,train,ok,ok
000628,train,ok,ok
000626,train,ok,ok
000627,train,ok,ok
000629,train,ok,ok
000630,train,ok,ok
000633,train,ok,ok
000631,train,ok,ok
000632,train,ok,ok
000635,train,ok,ok
000637,train,ok,ok
000636,train,ok,ok
000638,train,ok,ok
000634,train,ok,ok
000641,train,ok,ok
000640,train,ok,ok
000639,train,ok,ok
000644,train,ok,ok
000645,train,ok,ok
000643,train,ok,ok
000642,train,ok,ok
000648,train,ok,ok
000649,train,ok,ok
000647,train,ok,ok
000646,train,ok,ok
000651,train,ok,ok
000650,train,ok,ok
000652,train,ok,ok
000653,train,ok,ok
000654,train,ok,ok
000655,train,ok,ok
000657,train,ok,ok
000659,train,ok,ok
000658,train,ok,ok
000661,train,ok,ok
000656,train,ok,ok
000662,train,ok,ok
000660,train,ok,ok
000664,train,ok,ok
000666,train,ok,ok
000663,train,ok,ok
000667,train,ok,ok
000668,train,ok,ok
000665,train,ok,ok
000671,train,ok,ok
000669,train,ok,ok
000673,train,ok,ok
000672,train,ok,ok
000674,train,ok,ok
000670,train,ok,ok
000678,train,ok,ok
000675,train,ok,ok
000676,train,ok,ok
000677,train,ok,ok
000680,train,ok,ok
000683,train,ok,ok
000682,train,ok,ok
000679,train,ok,ok
000685,train,ok,ok
000684,train,ok,ok
000686,train,ok,ok
000681,train,ok,ok
000689,train,ok,ok
000687,train,ok,ok
000691,train,ok,ok
000688,train,ok,ok
000692,train,ok,ok
000690,train,ok,ok
000696,train,ok,ok
000693,train,ok,ok
000695,train,ok,ok
000694,train,ok,ok
000697,train,ok,ok
000698,train,ok,ok
000699,train,ok,ok
000901,train,ok,ok
000902,train,ok,ok
000700,train,ok,ok
000904,train,ok,ok
000905,train,ok,ok
000903,train,ok,ok
000906,train,ok,ok
000909,train,ok,ok
000907,train,ok,ok
000911,train,ok,ok
000910,train,ok,ok
000908,train,ok,ok
000912,train,ok,ok
000913,train,ok,ok
000915,train,ok,ok
000914,train,ok,ok
000916,train,ok,ok
000917,train,ok,ok
000918,train,ok,ok
000921,train,ok,ok
000919,train,ok,ok
000920,train,ok,ok
000922,train,ok,ok
000926,train,ok,ok
000924,train,ok,ok
000923,train,ok,ok
000925,train,ok,ok
000930,train,ok,ok
000928,train,ok,ok
000929,train,ok,ok
000927,train,ok,ok
000933,train,ok,ok
000935,train,ok,ok
000932,train,ok,ok
000931,train,ok,ok
000934,train,ok,ok
000937,train,ok,ok
000936,train,ok,ok
000942,train,ok,ok
000938,train,ok,ok
000939,train,ok,ok
000940,train,ok,ok
000941,train,ok,ok
000943,train,ok,ok
000947,train,ok,ok
000945,train,ok,ok
000948,train,ok,ok
000950,train,ok,ok
000949,train,ok,ok
000944,train,ok,ok
000946,train,ok,ok
000952,train,ok,ok
000953,train,ok,ok
000951,train,ok,ok
000954,train,ok,ok
000956,train,ok,ok
000959,train,ok,ok
000955,train,ok,ok
000958,train,ok,ok
000961,train,ok,ok
000957,train,ok,ok
000964,train,ok,ok
000960,train,ok,ok
000962,train,ok,ok
000965,train,ok,ok
000966,train,ok,ok
000963,train,ok,ok
000968,train,ok,ok
000969,train,ok,ok
000970,train,ok,ok
000967,train,ok,ok
000971,train,ok,ok
000972,train,ok,ok
000975,train,ok,ok
000974,train,ok,ok
000979,train,ok,ok
000973,train,ok,ok
000976,train,ok,ok
000978,train,ok,ok
000980,train,ok,ok
000983,train,ok,ok
000982,train,ok,ok
000977,train,ok,ok
000985,train,ok,ok
000981,train,ok,ok
000984,train,ok,ok
000987,train,ok,ok
000988,train,ok,ok
000989,train,ok,ok
000990,train,ok,ok
000986,train,ok,ok
000992,train,ok,ok
000993,train,ok,ok
000991,train,ok,ok
000996,train,ok,ok
000998,train,ok,ok
000997,train,ok,ok
000994,train,ok,ok
000995,train,ok,ok
000999,train,ok,ok
001002,train,ok,ok
001000,train,ok,ok
001001,train,ok,ok
001004,train,ok,ok
001003,train,ok,ok
001005,train,ok,ok
001006,train,ok,ok
001007,train,ok,ok
001010,train,ok,ok
001009,train,ok,ok
001008,train,ok,ok
001012,train,ok,ok
001011,train,ok,ok
001014,train,ok,ok
001016,train,ok,ok
001015,train,ok,ok
001013,train,ok,ok
001018,train,ok,ok
001017,train,ok,ok
001019,train,ok,ok
001022,train,ok,ok
001023,train,ok,ok
001020,train,ok,ok
001021,train,ok,ok
001024,train,ok,ok
001025,train,ok,ok
001027,train,ok,ok
001026,train,ok,ok
001028,train,ok,ok
001029,train,ok,ok
001030,train,ok,ok
001032,train,ok,ok
001033,train,ok,ok
001035,train,ok,ok
001034,train,ok,ok
001031,train,ok,ok
001036,train,ok,ok
001038,train,ok,ok
001041,train,ok,ok
001037,train,ok,ok
001039,train,ok,ok
001042,train,ok,ok
001040,train,ok,ok
001044,train,ok,ok
001043,train,ok,ok
001045,train,ok,ok
001046,train,ok,ok
001047,train,ok,ok
001049,train,ok,ok
001048,train,ok,ok
001053,train,ok,ok
001050,train,ok,ok
001052,train,ok,ok
001051,train,ok,ok
001054,train,ok,ok
001057,train,ok,ok
001055,train,ok,ok
001056,train,ok,ok
001059,train,ok,ok
001060,train,ok,ok
001058,train,ok,ok
001061,train,ok,ok
001062,train,ok,ok
001063,train,ok,ok
001064,train,ok,ok
001066,train,ok,ok
001067,train,ok,ok
001071,train,ok,ok
001065,train,ok,ok
001068,train,ok,ok
001070,train,ok,ok
001073,train,ok,ok
001074,train,ok,ok
001072,train,ok,ok
001069,train,ok,ok
001075,train,ok,ok
001076,train,ok,ok
001077,train,ok,ok
001078,train,ok,ok
001079,train,ok,ok
001082,train,ok,ok
001080,train,ok,ok
001081,train,ok,ok
001084,train,ok,ok
001083,train,ok,ok
001089,train,ok,ok
001086,train,ok,ok
001085,train,ok,ok
001088,train,ok,ok
001090,train,ok,ok
001087,train,ok,ok
001092,train,ok,ok
001091,train,ok,ok
001093,train,ok,ok
001094,train,ok,ok
001095,train,ok,ok
001096,train,ok,ok
001097,train,ok,ok
001099,train,ok,ok
001098,train,ok,ok
001103,train,ok,ok
001105,train,ok,ok
001100,train,ok,ok
001101,train,ok,ok
001102,train,ok,ok
001104,train,ok,ok
001107,train,ok,ok
001106,train,ok,ok
001109,train,ok,ok
001110,train,ok,ok
001111,train,ok,ok
001113,train,ok,ok
001115,train,ok,ok
001108,train,ok,ok
001114,train,ok,ok
001112,train,ok,ok
001116,train,ok,ok
001117,train,ok,ok
001119,train,ok,ok
001118,train,ok,ok
001120,train,ok,ok
001123,train,ok,ok
001122,train,ok,ok
001124,train,ok,ok
001121,train,ok,ok
001125,train,ok,ok
001127,train,ok,ok
001126,train,ok,ok
001128,train,ok,ok
001129,train,ok,ok
001130,train,ok,ok
001133,train,ok,ok
001132,train,ok,ok
001131,train,ok,ok
001134,train,ok,ok
001135,train,ok,ok
001136,train,ok,ok
001137,train,ok,ok
001138,train,ok,ok
001139,train,ok,ok
001140,train,ok,ok
001142,train,ok,ok
001143,train,ok,ok
001141,train,ok,ok
001145,train,ok,ok
001144,train,ok,ok
001147,train,ok,ok
001148,train,ok,ok
001146,train,ok,ok
001149,train,ok,ok
001152,train,ok,ok
001153,train,ok,ok
001150,train,ok,ok
001151,train,ok,ok
001156,train,ok,ok
001154,train,ok,ok
001155,train,ok,ok
001158,train,ok,ok
001160,train,ok,ok
001157,train,ok,ok
001161,train,ok,ok
001159,train,ok,ok
001163,train,ok,ok
001162,train,ok,ok
001164,train,ok,ok
001166,train,ok,ok
001165,train,ok,ok
001168,train,ok,ok
001167,train,ok,ok
001170,train,ok,ok
001169,train,ok,ok
001171,train,ok,ok
001172,train,ok,ok
001174,train,ok,ok
001175,train,ok,ok
001177,train,ok,ok
001176,train,ok,ok
001173,train,ok,ok
001179,train,ok,ok
001178,train,ok,ok
001180,train,ok,ok
001182,train,ok,ok
001181,train,ok,ok
001183,train,ok,ok
001185,train,ok,ok
001187,train,ok,ok
001184,train,ok,ok
001186,train,ok,ok
001190,train,ok,ok
001188,train,ok,ok
001189,train,ok,ok
001191,train,ok,ok
001193,train,ok,ok
001192,train,ok,ok
001197,train,ok,ok
001195,train,ok,ok
001194,train,ok,ok
001196,train,ok,ok
001198,train,ok,ok
001200,train,ok,ok
001199,train,ok,ok
001201,train,ok,ok
001204,train,ok,ok
001202,train,ok,ok
001203,train,ok,ok
001205,train,ok,ok
001207,train,ok,ok
001208,train,ok,ok
001209,train,ok,ok
001210,train,ok,ok
001206,train,ok,ok
001211,train,ok,ok
001213,train,ok,ok
001212,train,ok,ok
001214,train,ok,ok
001217,train,ok,ok
001215,train,ok,ok
001216,train,ok,ok
001218,train,ok,ok
001220,train,ok,ok
001221,train,ok,ok
001219,train,ok,ok
001222,train,ok,ok
001223,train,ok,ok
001225,train,ok,ok
001224,train,ok,ok
001226,train,ok,ok
001228,train,ok,ok
001229,train,ok,ok
001233,train,ok,ok
001230,train,ok,ok
001231,train,ok,ok
001227,train,ok,ok
001232,train,ok,ok
001234,train,ok,ok
001235,train,ok,ok
001236,train,ok,ok
001237,train,ok,ok
001238,train,ok,ok
001239,train,ok,ok
001240,train,ok,ok
001241,train,ok,ok
001242,train,ok,ok
001244,train,ok,ok
001243,train,ok,ok
001245,train,ok,ok
001246,train,ok,ok
001248,train,ok,ok
001247,train,ok,ok
001251,train,ok,ok
001250,train,ok,ok
001249,train,ok,ok
001253,train,ok,ok
001252,train,ok,ok
001254,train,ok,ok
001258,train,ok,ok
001255,train,ok,ok
001256,train,ok,ok
001259,train,ok,ok
001257,train,ok,ok
001260,train,ok,ok
001261,train,ok,ok
001264,train,ok,ok
001262,train,ok,ok
001263,train,ok,ok
001267,train,ok,ok
001269,train,ok,ok
001265,train,ok,ok
001266,train,ok,ok
001268,train,ok,ok
001270,train,ok,ok
001272,train,ok,ok
001271,train,ok,ok
001273,train,ok,ok
001276,train,ok,ok
001275,train,ok,ok
001274,train,ok,ok
001278,train,ok,ok
001279,train,ok,ok
001277,train,ok,ok
001280,train,ok,ok
001283,train,ok,ok
001281,train,ok,ok
001285,train,ok,ok
001282,train,ok,ok
001284,train,ok,ok
001289,train,ok,ok
001286,train,ok,ok
001287,train,ok,ok
001288,train,ok,ok
001290,train,ok,ok
001292,train,ok,ok
001291,train,ok,ok
001293,train,ok,ok
001294,train,ok,ok
001297,train,ok,ok
001295,train,ok,ok
001298,train,ok,ok
001300,train,ok,ok
001299,train,ok,ok
001296,train,ok,ok
001302,train,ok,ok
001305,train,ok,ok
001306,train,ok,ok
001303,train,ok,ok
001304,train,ok,ok
001301,train,ok,ok
001307,train,ok,ok
001310,train,ok,ok
001309,train,ok,ok
001311,train,ok,ok
001312,train,ok,ok
001308,train,ok,ok
001314,train,ok,ok
001313,train,ok,ok
001315,train,ok,ok
001316,train,ok,ok
001318,train,ok,ok
001320,train,ok,ok
001319,train,ok,ok
001317,train,ok,ok
001321,train,ok,ok
001322,train,ok,ok
001323,train,ok,ok
001324,train,ok,ok
001328,train,ok,ok
001325,train,ok,ok
001326,train,ok,ok
001329,train,ok,ok
001327,train,ok,ok
001332,train,ok,ok
001330,train,ok,ok
001334,train,ok,ok
001331,train,ok,ok
001333,train,ok,ok
001336,train,ok,ok
001337,train,ok,ok
001335,train,ok,ok
001339,train,ok,ok
001340,train,ok,ok
001343,train,ok,ok
001341,train,ok,ok
001338,train,ok,ok
001344,train,ok,ok
001342,train,ok,ok
001345,train,ok,ok
001347,train,ok,ok
001346,train,ok,ok
001349,train,ok,ok
001348,train,ok,ok
001352,train,ok,ok
001351,train,ok,ok
001350,train,ok,ok
001353,train,ok,ok
001354,train,ok,ok
001356,train,ok,ok
001358,train,ok,ok
001355,train,ok,ok
001357,train,ok,ok
001359,train,ok,ok
001361,train,ok,ok
001364,train,ok,ok
001363,train,ok,ok
001362,train,ok,ok
001366,train,ok,ok
001365,train,ok,ok
001360,train,ok,ok
001367,train,ok,ok
001369,train,ok,ok
001368,train,ok,ok
001370,train,ok,ok
001371,train,ok,ok
001372,train,ok,ok
001373,train,ok,ok
001377,train,ok,ok
001375,train,ok,ok
001376,train,ok,ok
001374,train,ok,ok
001382,train,ok,ok
001380,train,ok,ok
001378,train,ok,ok
001385,train,ok,ok
001383,train,ok,ok
001381,train,ok,ok
001379,train,ok,ok
001384,train,ok,ok
001386,train,ok,ok
001387,train,ok,ok
001388,train,ok,ok
001392,train,ok,ok
001395,train,ok,ok
001394,train,ok,ok
001390,train,ok,ok
001396,train,ok,ok
001393,train,ok,ok
001391,train,ok,ok
001389,train,ok,ok
001397,train,ok,ok
001398,train,ok,ok
001399,train,ok,ok
001400,train,ok,ok
001401,train,ok,ok
001402,train,ok,ok
001403,train,ok,ok
001405,train,ok,ok
001408,train,ok,ok
001407,train,ok,ok
001406,train,ok,ok
001404,train,ok,ok
001411,train,ok,ok
001409,train,ok,ok
001412,train,ok,ok
001410,train,ok,ok
001414,train,ok,ok
001415,train,ok,ok
001413,train,ok,ok
001416,train,ok,ok
001417,train,ok,ok
001419,train,ok,ok
001418,train,ok,ok
001423,train,ok,ok
001420,train,ok,ok
001424,train,ok,ok
001421,train,ok,ok
001427,train,ok,ok
001425,train,ok,ok
001430,train,ok,ok
001422,train,ok,ok
001428,train,ok,ok
001426,train,ok,ok
001429,train,ok,ok
001432,train,ok,ok
001433,train,ok,ok
001431,train,ok,ok
001434,train,ok,ok
001437,train,ok,ok
001438,train,ok,ok
001442,train,ok,ok
001436,train,ok,ok
001435,train,ok,ok
001440,train,ok,ok
001439,train,ok,ok
001441,train,ok,ok
001443,train,ok,ok
001445,train,ok,ok
001444,train,ok,ok
001448,train,ok,ok
001446,train,ok,ok
001449,train,ok,ok
001447,train,ok,ok
001450,train,ok,ok
001452,train,ok,ok
001456,train,ok,ok
001453,train,ok,ok
001454,train,ok,ok
001455,train,ok,ok
001451,train,ok,ok
001457,train,ok,ok
001458,train,ok,ok
001460,train,ok,ok
001459,train,ok,ok
001463,train,ok,ok
001461,train,ok,ok
001462,train,ok,ok
001465,train,ok,ok
001466,train,ok,ok
001464,train,ok,ok
001467,train,ok,ok
001468,train,ok,ok
001469,train,ok,ok
001470,train,ok,ok
001471,train,ok,ok
001472,train,ok,ok
001473,train,ok,ok
001476,train,ok,ok
001477,train,ok,ok
001479,train,ok,ok
001475,train,ok,ok
001474,train,ok,ok
001480,train,ok,ok
001481,train,ok,ok
001478,train,ok,ok
001483,train,ok,ok
001487,train,ok,ok
001485,train,ok,ok
001486,train,ok,ok
001482,train,ok,ok
001484,train,ok,ok
001489,train,ok,ok
001488,train,ok,ok
001490,train,ok,ok
001492,train,ok,ok
001495,train,ok,ok
001494,train,ok,ok
001498,train,ok,ok
001491,train,ok,ok
001496,train,ok,ok
001499,train,ok,ok
001500,train,ok,ok
001493,train,ok,ok
001497,train,ok,ok
001502,train,ok,ok
001501,train,ok,ok
001503,train,ok,ok
001505,train,ok,ok
001504,train,ok,ok
001507,train,ok,ok
001508,train,ok,ok
001506,train,ok,ok
001510,train,ok,ok
001511,train,ok,ok
001513,train,ok,ok
001515,train,ok,ok
001512,train,ok,ok
001509,train,ok,ok
001514,train,ok,ok
001516,train,ok,ok
001519,train,ok,ok
001517,train,ok,ok
001518,train,ok,ok
001520,train,ok,ok
001523,train,ok,ok
001521,train,ok,ok
001522,train,ok,ok
001524,train,ok,ok
001525,train,ok,ok
001526,train,ok,ok
001528,train,ok,ok
001527,train,ok,ok
001529,train,ok,ok
001530,train,ok,ok
001533,train,ok,ok
001532,train,ok,ok
001534,train,ok,ok
001536,train,ok,ok
001531,train,ok,ok
001537,train,ok,ok
001535,train,ok,ok
001539,train,ok,ok
001540,train,ok,ok
001541,train,ok,ok
001544,train,ok,ok
001543,train,ok,ok
001542,train,ok,ok
001538,train,ok,ok
001547,train,ok,ok
001546,train,ok,ok
001550,train,ok,ok
001551,train,ok,ok
001545,train,ok,ok
001549,train,ok,ok
001553,train,ok,ok
001548,train,ok,ok
001554,train,ok,ok
001552,train,ok,ok
001555,train,ok,ok
001558,train,ok,ok
001557,train,ok,ok
001556,train,ok,ok
001559,train,ok,ok
001560,train,ok,ok
001561,train,ok,ok
001563,train,ok,ok
001568,train,ok,ok
001566,train,ok,ok
001565,train,ok,ok
001562,train,ok,ok
001567,train,ok,ok
001564,train,ok,ok
001569,train,ok,ok
001570,train,ok,ok
001572,train,ok,ok
001571,train,ok,ok
001573,train,ok,ok
001576,train,ok,ok
001577,train,ok,ok
001579,train,ok,ok
001580,train,ok,ok
001575,train,ok,ok
001574,train,ok,ok
001578,train,ok,ok
001582,train,ok,ok
001583,train,ok,ok
001581,train,ok,ok
001584,train,ok,ok
001585,train,ok,ok
001587,train,ok,ok
001588,train,ok,ok
001591,train,ok,ok
001586,train,ok,ok
001589,train,ok,ok
001590,train,ok,ok
001593,train,ok,ok
001592,train,ok,ok
001594,train,ok,ok
001596,train,ok,ok
001595,train,ok,ok
001598,train,ok,ok
001597,train,ok,ok
001600,train,ok,ok
001599,train,ok,ok
001601,train,ok,ok
001603,train,ok,ok
001604,train,ok,ok
001602,train,ok,ok
001607,train,ok,ok
001605,train,ok,ok
001606,train,ok,ok
001610,train,ok,ok
001608,train,ok,ok
001609,train,ok,ok
001611,train,ok,ok
001613,train,ok,ok
001614,train,ok,ok
001615,train,ok,ok
001612,train,ok,ok
001617,train,ok,ok
001619,train,ok,ok
001618,train,ok,ok
001616,train,ok,ok
001620,train,ok,ok
001623,train,ok,ok
001621,train,ok,ok
001624,train,ok,ok
001622,train,ok,ok
001626,train,ok,ok
001627,train,ok,ok
001625,train,ok,ok
001632,train,ok,ok
001629,train,ok,ok
001628,train,ok,ok
001630,train,ok,ok
001631,train,ok,ok
001635,train,ok,ok
001633,train,ok,ok
001634,train,ok,ok
001637,train,ok,ok
001636,train,ok,ok
001639,train,ok,ok
001638,train,ok,ok
001640,train,ok,ok
001641,train,ok,ok
001642,train,ok,ok
001643,train,ok,ok
001644,train,ok,ok
001648,train,ok,ok
001645,train,ok,ok
001647,train,ok,ok
001651,train,ok,ok
001646,train,ok,ok
001652,train,ok,ok
001650,train,ok,ok
001655,train,ok,ok
001649,train,ok,ok
001653,train,ok,ok
001654,train,ok,ok
001656,train,ok,ok
001657,train,ok,ok
001658,train,ok,ok
001659,train,ok,ok
001660,train,ok,ok
001661,train,ok,ok
001662,train,ok,ok
001663,train,ok,ok
001664,train,ok,ok
001665,train,ok,ok
001666,train,ok,ok
001667,train,ok,ok
001671,train,ok,ok
001668,train,ok,ok
001669,train,ok,ok
001672,train,ok,ok
001674,train,ok,ok
001670,train,ok,ok
001673,train,ok,ok
001676,train,ok,ok
001679,train,ok,ok
001675,train,ok,ok
001677,train,ok,ok
001678,train,ok,ok
001680,train,ok,ok
001682,train,ok,ok
001681,train,ok,ok
001683,train,ok,ok
001685,train,ok,ok
001684,train,ok,ok
001686,train,ok,ok
001689,train,ok,ok
001687,train,ok,ok
001691,train,ok,ok
001690,train,ok,ok
001692,train,ok,ok
001693,train,ok,ok
001688,train,ok,ok
001694,train,ok,ok
001697,train,ok,ok
001695,train,ok,ok
001696,train,ok,ok
001698,train,ok,ok
001703,train,ok,ok
001700,train,ok,ok
001699,train,ok,ok
001702,train,ok,ok
001701,train,ok,ok
001706,train,ok,ok
001704,train,ok,ok
001709,train,ok,ok
001707,train,ok,ok
001710,train,ok,ok
001705,train,ok,ok
001708,train,ok,ok
001711,train,ok,ok
001713,train,ok,ok
001712,train,ok,ok
001716,train,ok,ok
001717,train,ok,ok
001715,train,ok,ok
001719,train,ok,ok
001718,train,ok,ok
001714,train,ok,ok
001720,train,ok,ok
001721,train,ok,ok
001724,train,ok,ok
001723,train,ok,ok
001726,train,ok,ok
001722,train,ok,ok
001728,train,ok,ok
001730,train,ok,ok
001731,train,ok,ok
001727,train,ok,ok
001729,train,ok,ok
001725,train,ok,ok
001733,train,ok,ok
001732,train,ok,ok
001736,train,ok,ok
001734,train,ok,ok
001735,train,ok,ok
001737,train,ok,ok
001738,train,ok,ok
001739,train,ok,ok
001740,train,ok,ok
001743,train,ok,ok
001741,train,ok,ok
001742,train,ok,ok
001745,train,ok,ok
001746,train,ok,ok
001744,train,ok,ok
001749,train,ok,ok
001748,train,ok,ok
001747,train,ok,ok
001752,train,ok,ok
001755,train,ok,ok
001753,train,ok,ok
001750,train,ok,ok
001754,train,ok,ok
001751,train,ok,ok
001757,train,ok,ok
001756,train,ok,ok
001760,train,ok,ok
001758,train,ok,ok
001761,train,ok,ok
001759,train,ok,ok
001764,train,ok,ok
001762,train,ok,ok
001763,train,ok,ok
001766,train,ok,ok
001767,train,ok,ok
001768,train,ok,ok
001772,train,ok,ok
001771,train,ok,ok
001770,train,ok,ok
001765,train,ok,ok
001769,train,ok,ok
001775,train,ok,ok
001774,train,ok,ok
001773,train,ok,ok
001777,train,ok,ok
001776,train,ok,ok
001778,train,ok,ok
001779,train,ok,ok
001780,train,ok,ok
001781,train,ok,ok
001782,train,ok,ok
001784,train,ok,ok
001785,train,ok,ok
001783,train,ok,ok
001787,train,ok,ok
001786,train,ok,ok
001789,train,ok,ok
001788,train,ok,ok
001790,train,ok,ok
001792,train,ok,ok
001793,train,ok,ok
001797,train,ok,ok
001795,train,ok,ok
001791,train,ok,ok
001796,train,ok,ok
001798,train,ok,ok
001794,train,ok,ok
001800,train,ok,ok
001799,train,ok,ok
001801,train,ok,ok
001802,train,ok,ok
001803,train,ok,ok
001804,train,ok,ok
001805,train,ok,ok
001809,train,ok,ok
001810,train,ok,ok
001807,train,ok,ok
001806,train,ok,ok
001808,train,ok,ok
001811,train,ok,ok
001814,train,ok,ok
001812,train,ok,ok
001813,train,ok,ok
001817,train,ok,ok
001816,train,ok,ok
001819,train,ok,ok
001818,train,ok,ok
001815,train,ok,ok
001821,train,ok,ok
001820,train,ok,ok
001822,train,ok,ok
001823,train,ok,ok
001825,train,ok,ok
001826,train,ok,ok
001827,train,ok,ok
001824,train,ok,ok
001829,train,ok,ok
001828,train,ok,ok
001831,train,ok,ok
001830,train,ok,ok
001834,train,ok,ok
001837,train,ok,ok
001833,train,ok,ok
001832,train,ok,ok
001835,train,ok,ok
001838,train,ok,ok
001839,train,ok,ok
001836,train,ok,ok
001840,train,ok,ok
001841,train,ok,ok
001842,train,ok,ok
001843,train,ok,ok
001844,train,ok,ok
001845,train,ok,ok
001846,train,ok,ok
001848,train,ok,ok
001847,train,ok,ok
001849,train,ok,ok
001850,train,ok,ok
001854,train,ok,ok
001851,train,ok,ok
001853,train,ok,ok
001852,train,ok,ok
001856,train,ok,ok
001855,train,ok,ok
001859,train,ok,ok
001857,train,ok,ok
001858,train,ok,ok
001860,train,ok,ok
001863,train,ok,ok
001864,train,ok,ok
001861,train,ok,ok
001867,train,ok,ok
001865,train,ok,ok
001869,train,ok,ok
001866,train,ok,ok
001868,train,ok,ok
001862,train,ok,ok
001871,train,ok,ok
001870,train,ok,ok
001872,train,ok,ok
001873,train,ok,ok
001874,train,ok,ok
001875,train,ok,ok
001876,train,ok,ok
001877,train,ok,ok
001878,train,ok,ok
001880,train,ok,ok
001879,train,ok,ok
001881,train,ok,ok
001882,train,ok,ok
001883,train,ok,ok
001884,train,ok,ok
001889,train,ok,ok
001887,train,ok,ok
001885,train,ok,ok
001888,train,ok,ok
001890,train,ok,ok
001892,train,ok,ok
001886,train,ok,ok
001893,train,ok,ok
001891,train,ok,ok
001895,train,ok,ok
001897,train,ok,ok
001896,train,ok,ok
001894,train,ok,ok
001899,train,ok,ok
001900,train,ok,ok
001898,train,ok,ok
001901,train,ok,ok
001903,train,ok,ok
001902,train,ok,ok
001904,train,ok,ok
001905,train,ok,ok
001908,train,ok,ok
001907,train,ok,ok
001906,train,ok,ok
001909,train,ok,ok
001912,train,ok,ok
001911,train,ok,ok
001914,train,ok,ok
001910,train,ok,ok
001913,train,ok,ok
001917,train,ok,ok
001916,train,ok,ok
001919,train,ok,ok
001915,train,ok,ok
001918,train,ok,ok
001922,train,ok,ok
001921,train,ok,ok
001920,train,ok,ok
001924,train,ok,ok
001923,train,ok,ok
001925,train,ok,ok
001926,train,ok,ok
001927,train,ok,ok
001928,train,ok,ok
001930,train,ok,ok
001929,train,ok,ok
001932,train,ok,ok
001934,train,ok,ok
001937,train,ok,ok
001933,train,ok,ok
001935,train,ok,ok
001936,train,ok,ok
001931,train,ok,ok
001940,train,ok,ok
001939,train,ok,ok
001938,train,ok,ok
001941,train,ok,ok
001943,train,ok,ok
001944,train,ok,ok
001942,train,ok,ok
001945,train,ok,ok
001947,train,ok,ok
001946,train,ok,ok
001949,train,ok,ok
001952,train,ok,ok
001948,train,ok,ok
001951,train,ok,ok
001953,train,ok,ok
001950,train,ok,ok
001955,train,ok,ok
001954,train,ok,ok
001956,train,ok,ok
001958,train,ok,ok
001960,train,ok,ok
001959,train,ok,ok
001957,train,ok,ok
001961,train,ok,ok
001963,train,ok,ok
001962,train,ok,ok
001965,train,ok,ok
001964,train,ok,ok
001968,train,ok,ok
001967,train,ok,ok
001966,train,ok,ok
001970,train,ok,ok
001969,train,ok,ok
001971,train,ok,ok
001974,train,ok,ok
001972,train,ok,ok
001975,train,ok,ok
001977,train,ok,ok
001973,train,ok,ok
001979,train,ok,ok
001980,train,ok,ok
001981,train,ok,ok
001978,train,ok,ok
001983,train,ok,ok
001976,train,ok,ok
001986,train,ok,ok
001984,train,ok,ok
001982,train,ok,ok
001985,train,ok,ok
001989,train,ok,ok
001988,train,ok,ok
001987,train,ok,ok
001992,train,ok,ok
001990,train,ok,ok
001991,train,ok,ok
001993,train,ok,ok
001994,train,ok,ok
001996,train,ok,ok
001995,train,ok,ok
001998,train,ok,ok
001999,train,ok,ok
002000,train,ok,ok
001997,train,ok,ok
002002,train,ok,ok
002001,train,ok,ok
002007,train,ok,ok
002003,train,ok,ok
002006,train,ok,ok
002005,train,ok,ok
002004,train,ok,ok
002010,train,ok,ok
002008,train,ok,ok
002011,train,ok,ok
002009,train,ok,ok
002013,train,ok,ok
002016,train,ok,ok
002014,train,ok,ok
002012,train,ok,ok
002017,train,ok,ok
002020,train,ok,ok
002015,train,ok,ok
002018,train,ok,ok
002019,train,ok,ok
002021,train,ok,ok
002023,train,ok,ok
002022,train,ok,ok
002025,train,ok,ok
002027,train,ok,ok
002031,train,ok,ok
002024,train,ok,ok
002029,train,ok,ok
002028,train,ok,ok
002026,train,ok,ok
002030,train,ok,ok
002032,train,ok,ok
002033,train,ok,ok
002034,train,ok,ok
002035,train,ok,ok
002036,train,ok,ok
002041,train,ok,ok
002038,train,ok,ok
002037,train,ok,ok
002042,train,ok,ok
002039,train,ok,ok
002040,train,ok,ok
002043,train,ok,ok
002044,train,ok,ok
002046,train,ok,ok
002048,train,ok,ok
002049,train,ok,ok
002045,train,ok,ok
002051,train,ok,ok
002047,train,ok,ok
002050,train,ok,ok
002055,train,ok,ok
002052,train,ok,ok
002054,train,ok,ok
002056,train,ok,ok
002057,train,ok,ok
002059,train,ok,ok
002053,train,ok,ok
002060,train,ok,ok
002061,train,ok,ok
002064,train,ok,ok
002058,train,ok,ok
002062,train,ok,ok
002063,train,ok,ok
002065,train,ok,ok
002066,train,ok,ok
002067,train,ok,ok
002068,train,ok,ok
002069,train,ok,ok
002070,train,ok,ok
002071,train,ok,ok
002072,train,ok,ok
002073,train,ok,ok
002075,train,ok,ok
002074,train,ok,ok
002076,train,ok,ok
002077,train,ok,ok
002079,train,ok,ok
002080,train,ok,ok
002078,train,ok,ok
002083,train,ok,ok
002082,train,ok,ok
002084,train,ok,ok
002081,train,ok,ok
002085,train,ok,ok
002089,train,ok,ok
002086,train,ok,ok
002090,train,ok,ok
002087,train,ok,ok
002091,train,ok,ok
002093,train,ok,ok
002092,train,ok,ok
002088,train,ok,ok
002094,train,ok,ok
002096,train,ok,ok
002095,train,ok,ok
002099,train,ok,ok
002100,train,ok,ok
002101,train,ok,ok
002097,train,ok,ok
002098,train,ok,ok
002102,train,ok,ok
002104,train,ok,ok
002103,train,ok,ok
002105,train,ok,ok
002108,train,ok,ok
002106,train,ok,ok
002110,train,ok,ok
002107,train,ok,ok
002109,train,ok,ok
002114,train,ok,ok
002113,train,ok,ok
002111,train,ok,ok
002112,train,ok,ok
002116,train,ok,ok
002115,train,ok,ok
002117,train,ok,ok
002118,train,ok,ok
002120,train,ok,ok
002121,train,ok,ok
002119,train,ok,ok
002123,train,ok,ok
002122,train,ok,ok
002126,train,ok,ok
002125,train,ok,ok
002124,train,ok,ok
002129,train,ok,ok
002127,train,ok,ok
002128,train,ok,ok
002130,train,ok,ok
002134,train,ok,ok
002132,train,ok,ok
002136,train,ok,ok
002133,train,ok,ok
002131,train,ok,ok
002135,train,ok,ok
002138,train,ok,ok
002137,train,ok,ok
002141,train,ok,ok
002140,train,ok,ok
002139,train,ok,ok
002144,train,ok,ok
002142,train,ok,ok
002143,train,ok,ok
002145,train,ok,ok
002148,train,ok,ok
002146,train,ok,ok
002149,train,ok,ok
002150,train,ok,ok
002152,train,ok,ok
002153,train,ok,ok
002147,train,ok,ok
002154,train,ok,ok
002151,train,ok,ok
002155,train,ok,ok
002156,train,ok,ok
002157,train,ok,ok
002159,train,ok,ok
002160,train,ok,ok
002161,train,ok,ok
002158,train,ok,ok
002163,train,ok,ok
002162,train,ok,ok
002164,train,ok,ok
002165,train,ok,ok
002166,train,ok,ok
002168,train,ok,ok
002169,train,ok,ok
002167,train,ok,ok
002171,train,ok,ok
002172,train,ok,ok
002173,train,ok,ok
002170,train,ok,ok
002174,train,ok,ok
002176,train,ok,ok
002175,train,ok,ok
002178,train,ok,ok
002177,train,ok,ok
002182,train,ok,ok
002183,train,ok,ok
002179,train,ok,ok
002181,train,ok,ok
002180,train,ok,ok
002184,train,ok,ok
002185,train,ok,ok
002188,train,ok,ok
002187,train,ok,ok
002189,train,ok,ok
002186,train,ok,ok
002191,train,ok,ok
002193,train,ok,ok
002196,train,ok,ok
002195,train,ok,ok
002190,train,ok,ok
002197,train,ok,ok
002194,train,ok,ok
002198,train,ok,ok
002192,train,ok,ok
002200,train,ok,ok
002201,train,ok,ok
002202,train,ok,ok
002199,train,ok,ok
002203,train,ok,ok
002204,train,ok,ok
002207,train,ok,ok
002205,train,ok,ok
002206,train,ok,ok
002210,train,ok,ok
002208,train,ok,ok
002209,train,ok,ok
002211,train,ok,ok
002213,train,ok,ok
002212,train,ok,ok
002215,train,ok,ok
002214,train,ok,ok
002217,train,ok,ok
002218,train,ok,ok
002216,train,ok,ok
002219,train,ok,ok
002220,train,ok,ok
002222,train,ok,ok
002221,train,ok,ok
002223,train,ok,ok
002224,train,ok,ok
002226,train,ok,ok
002228,train,ok,ok
002229,train,ok,ok
002231,train,ok,ok
002225,train,ok,ok
002227,train,ok,ok
002232,train,ok,ok
002230,train,ok,ok
002235,train,ok,ok
002234,train,ok,ok
002233,train,ok,ok
002236,train,ok,ok
002240,train,ok,ok
002239,train,ok,ok
002238,train,ok,ok
002241,train,ok,ok
002244,train,ok,ok
002242,train,ok,ok
002245,train,ok,ok
002237,train,ok,ok
002243,train,ok,ok
002246,train,ok,ok
002248,train,ok,ok
002247,train,ok,ok
002249,train,ok,ok
002250,train,ok,ok
002251,train,ok,ok
002252,train,ok,ok
002253,train,ok,ok
002255,train,ok,ok
002256,train,ok,ok
002257,train,ok,ok
002258,train,ok,ok
002254,train,ok,ok
002259,train,ok,ok
002261,train,ok,ok
002260,train,ok,ok
002262,train,ok,ok
002264,train,ok,ok
002263,train,ok,ok
002268,train,ok,ok
002269,train,ok,ok
002265,train,ok,ok
002270,train,ok,ok
002267,train,ok,ok
002266,train,ok,ok
002271,train,ok,ok
002272,train,ok,ok
002273,train,ok,ok
002274,train,ok,ok
002277,train,ok,ok
002275,train,ok,ok
002276,train,ok,ok
002281,train,ok,ok
002282,train,ok,ok
002279,train,ok,ok
002278,train,ok,ok
002280,train,ok,ok
002283,train,ok,ok
002284,train,ok,ok
002285,train,ok,ok
002286,train,ok,ok
002287,train,ok,ok
002289,train,ok,ok
002288,train,ok,ok
002291,train,ok,ok
002292,train,ok,ok
002293,train,ok,ok
002295,train,ok,ok
002290,train,ok,ok
002296,train,ok,ok
002294,train,ok,ok
002297,train,ok,ok
002299,train,ok,ok
002298,train,ok,ok
002302,train,ok,ok
002301,train,ok,ok
002300,train,ok,ok
002304,train,ok,ok
002306,train,ok,ok
002303,train,ok,ok
002305,train,ok,ok
002308,train,ok,ok
002307,train,ok,ok
002313,train,ok,ok
002309,train,ok,ok
002312,train,ok,ok
002311,train,ok,ok
002310,train,ok,ok
002316,train,ok,ok
002315,train,ok,ok
002314,train,ok,ok
002320,train,ok,ok
002318,train,ok,ok
002317,train,ok,ok
002319,train,ok,ok
002321,train,ok,ok
002322,train,ok,ok
002324,train,ok,ok
002323,train,ok,ok
002325,train,ok,ok
002327,train,ok,ok
002326,train,ok,ok
002328,train,ok,ok
002332,train,ok,ok
002329,train,ok,ok
002333,train,ok,ok
002331,train,ok,ok
002330,train,ok,ok
002335,train,ok,ok
002336,train,ok,ok
002338,train,ok,ok
002334,train,ok,ok
002339,train,ok,ok
002342,train,ok,ok
002340,train,ok,ok
002337,train,ok,ok
002341,train,ok,ok
002344,train,ok,ok
002345,train,ok,ok
002346,train,ok,ok
002343,train,ok,ok
002347,train,ok,ok
002349,train,ok,ok
002348,train,ok,ok
002351,train,ok,ok
002350,train,ok,ok
002355,train,ok,ok
002352,train,ok,ok
002353,train,ok,ok
002354,train,ok,ok
002356,train,ok,ok
002358,train,ok,ok
002359,train,ok,ok
002357,train,ok,ok
002361,train,ok,ok
002362,train,ok,ok
002360,train,ok,ok
002363,train,ok,ok
002364,train,ok,ok
002365,train,ok,ok
002368,train,ok,ok
002366,train,ok,ok
002369,train,ok,ok
002367,train,ok,ok
002372,train,ok,ok
002370,train,ok,ok
002375,train,ok,ok
002373,train,ok,ok
002371,train,ok,ok
002376,train,ok,ok
002374,train,ok,ok
002377,train,ok,ok
002379,train,ok,ok
002378,train,ok,ok
002381,train,ok,ok
002380,train,ok,ok
002383,train,ok,ok
002382,train,ok,ok
002384,train,ok,ok
002386,train,ok,ok
002385,train,ok,ok
002391,train,ok,ok
002390,train,ok,ok
002388,train,ok,ok
002389,train,ok,ok
002387,train,ok,ok
002393,train,ok,ok
002392,train,ok,ok
002394,train,ok,ok
002395,train,ok,ok
002397,train,ok,ok
002396,train,ok,ok
002398,train,ok,ok
002400,train,ok,ok
002399,train,ok,ok
002401,train,ok,ok
002402,train,ok,ok
002403,train,ok,ok
002407,train,ok,ok
002405,train,ok,ok
002404,train,ok,ok
002406,train,ok,ok
002409,train,ok,ok
002412,train,ok,ok
002411,train,ok,ok
002410,train,ok,ok
002408,train,ok,ok
002413,train,ok,ok
002415,train,ok,ok
002416,train,ok,ok
002417,train,ok,ok
002419,train,ok,ok
002418,train,ok,ok
002414,train,ok,ok
002421,train,ok,ok
002420,train,ok,ok
002424,train,ok,ok
002423,train,ok,ok
002426,train,ok,ok
002428,train,ok,ok
002422,train,ok,ok
002425,train,ok,ok
002427,train,ok,ok
002432,train,ok,ok
002431,train,ok,ok
002429,train,ok,ok
002434,train,ok,ok
002430,train,ok,ok
002435,train,ok,ok
002433,train,ok,ok
002437,train,ok,ok
002440,train,ok,ok
002438,train,ok,ok
002436,train,ok,ok
002441,train,ok,ok
002443,train,ok,ok
002445,train,ok,ok
002442,train,ok,ok
002439,train,ok,ok
002444,train,ok,ok
002448,train,ok,ok
002446,train,ok,ok
002447,train,ok,ok
002449,train,ok,ok
002453,train,ok,ok
002450,train,ok,ok
002452,train,ok,ok
002455,train,ok,ok
002451,train,ok,ok
002454,train,ok,ok
002459,train,ok,ok
002457,train,ok,ok
002460,train,ok,ok
002456,train,ok,ok
002462,train,ok,ok
002458,train,ok,ok
002463,train,ok,ok
002461,train,ok,ok
002465,train,ok,ok
002467,train,ok,ok
002464,train,ok,ok
002466,train,ok,ok
002468,train,ok,ok
002469,train,ok,ok
002471,train,ok,ok
002472,train,ok,ok
002474,train,ok,ok
002470,train,ok,ok
002473,train,ok,ok
002477,train,ok,ok
002479,train,ok,ok
002475,train,ok,ok
002476,train,ok,ok
002478,train,ok,ok
002482,train,ok,ok
002481,train,ok,ok
002480,train,ok,ok
002483,train,ok,ok
002486,train,ok,ok
002485,train,ok,ok
002488,train,ok,ok
002484,train,ok,ok
002490,train,ok,ok
002489,train,ok,ok
002491,train,ok,ok
002487,train,ok,ok
002493,train,ok,ok
002492,train,ok,ok
002495,train,ok,ok
002494,train,ok,ok
002496,train,ok,ok
002498,train,ok,ok
002500,train,ok,ok
002502,train,ok,ok
002504,train,ok,ok
002497,train,ok,ok
002503,train,ok,ok
002499,train,ok,ok
002501,train,ok,ok
002505,train,ok,ok
002507,train,ok,ok
002508,train,ok,ok
002506,train,ok,ok
002513,train,ok,ok
002511,train,ok,ok
002512,train,ok,ok
002510,train,ok,ok
002514,train,ok,ok
002509,train,ok,ok
002517,train,ok,ok
002516,train,ok,ok
002518,train,ok,ok
002515,train,ok,ok
002520,train,ok,ok
002524,train,ok,ok
002519,train,ok,ok
002522,train,ok,ok
002521,train,ok,ok
002523,train,ok,ok
002526,train,ok,ok
002525,train,ok,ok
002527,train,ok,ok
002528,train,ok,ok
002532,train,ok,ok
002530,train,ok,ok
002529,train,ok,ok
002534,train,ok,ok
002531,train,ok,ok
002535,train,ok,ok
002533,train,ok,ok
002538,train,ok,ok
002537,train,ok,ok
002539,train,ok,ok
002540,train,ok,ok
002543,train,ok,ok
002541,train,ok,ok
002536,train,ok,ok
002544,train,ok,ok
002546,train,ok,ok
002545,train,ok,ok
002547,train,ok,ok
002542,train,ok,ok
002548,train,ok,ok
002549,train,ok,ok
002551,train,ok,ok
002550,train,ok,ok
002557,train,ok,ok
002554,train,ok,ok
002555,train,ok,ok
002558,train,ok,ok
002552,train,ok,ok
002553,train,ok,ok
002556,train,ok,ok
002559,train,ok,ok
002562,train,ok,ok
002564,train,ok,ok
002563,train,ok,ok
002567,train,ok,ok
002560,train,ok,ok
002566,train,ok,ok
002565,train,ok,ok
002561,train,ok,ok
002568,train,ok,ok
002569,train,ok,ok
002570,train,ok,ok
002571,train,ok,ok
002574,train,ok,ok
002572,train,ok,ok
002573,train,ok,ok
002577,train,ok,ok
002575,train,ok,ok
002578,train,ok,ok
002580,train,ok,ok
002579,train,ok,ok
002576,train,ok,ok
002585,train,ok,ok
002581,train,ok,ok
002582,train,ok,ok
002586,train,ok,ok
002583,train,ok,ok
002584,train,ok,ok
002589,train,ok,ok
002587,train,ok,ok
002590,train,ok,ok
002588,train,ok,ok
002593,train,ok,ok
002591,train,ok,ok
002592,train,ok,ok
002596,train,ok,ok
002595,train,ok,ok
002594,train,ok,ok
002597,train,ok,ok
002598,train,ok,ok
002600,train,ok,ok
002599,train,ok,ok
002601,train,ok,ok
002602,train,ok,ok
002606,train,ok,ok
002608,train,ok,ok
002604,train,ok,ok
002605,train,ok,ok
002610,train,ok,ok
002611,train,ok,ok
002607,train,ok,ok
002603,train,ok,ok
002609,train,ok,ok
002612,train,ok,ok
002614,train,ok,ok
002615,train,ok,ok
002613,train,ok,ok
002618,train,ok,ok
002616,train,ok,ok
002617,train,ok,ok
002619,train,ok,ok
002622,train,ok,ok
002623,train,ok,ok
002620,train,ok,ok
002625,train,ok,ok
002624,train,ok,ok
002626,train,ok,ok
002621,train,ok,ok
002628,train,ok,ok
002630,train,ok,ok
002629,train,ok,ok
002627,train,ok,ok
002631,train,ok,ok
002633,train,ok,ok
002636,train,ok,ok
002634,train,ok,ok
002635,train,ok,ok
002637,train,ok,ok
002641,train,ok,ok
002632,train,ok,ok
002639,train,ok,ok
002640,train,ok,ok
002642,train,ok,ok
002638,train,ok,ok
002645,train,ok,ok
002644,train,ok,ok
002643,train,ok,ok
002648,train,ok,ok
002647,train,ok,ok
002646,train,ok,ok
002650,train,ok,ok
002649,train,ok,ok
002652,train,ok,ok
002655,train,ok,ok
002653,train,ok,ok
002651,train,ok,ok
002658,train,ok,ok
002656,train,ok,ok
002657,train,ok,ok
002654,train,ok,ok
002659,train,ok,ok
002662,train,ok,ok
002661,train,ok,ok
002660,train,ok,ok
002663,train,ok,ok
002667,train,ok,ok
002668,train,ok,ok
002666,train,ok,ok
002665,train,ok,ok
002664,train,ok,ok
002669,train,ok,ok
002673,train,ok,ok
002675,train,ok,ok
002674,train,ok,ok
002670,train,ok,ok
002671,train,ok,ok
002672,train,ok,ok
002676,train,ok,ok
002677,train,ok,ok
002678,train,ok,ok
002679,train,ok,ok
002681,train,ok,ok
002680,train,ok,ok
002682,train,ok,ok
002683,train,ok,ok
002685,train,ok,ok
002686,train,ok,ok
002688,train,ok,ok
002684,train,ok,ok
002691,train,ok,ok
002690,train,ok,ok
002689,train,ok,ok
002693,train,ok,ok
002687,train,ok,ok
002692,train,ok,ok
002694,train,ok,ok
002695,train,ok,ok
002696,train,ok,ok
002698,train,ok,ok
002697,train,ok,ok
002701,train,ok,ok
002699,train,ok,ok
002700,train,ok,ok
002702,train,ok,ok
002704,train,ok,ok
002703,train,ok,ok
002707,train,ok,ok
002706,train,ok,ok
002705,train,ok,ok
002709,train,ok,ok
002708,train,ok,ok
002711,train,ok,ok
002710,train,ok,ok
002713,train,ok,ok
002714,train,ok,ok
002712,train,ok,ok
002717,train,ok,ok
002716,train,ok,ok
002718,train,ok,ok
002721,train,ok,ok
002715,train,ok,ok
002719,train,ok,ok
002722,train,ok,ok
002723,train,ok,ok
002720,train,ok,ok
002726,train,ok,ok
002729,train,ok,ok
002724,train,ok,ok
002727,train,ok,ok
002728,train,ok,ok
002725,train,ok,ok
002732,train,ok,ok
002731,train,ok,ok
002730,train,ok,ok
002733,train,ok,ok
002734,train,ok,ok
002735,train,ok,ok
002736,train,ok,ok
002739,train,ok,ok
002738,train,ok,ok
002737,train,ok,ok
002740,train,ok,ok
002742,train,ok,ok
002741,train,ok,ok
002746,train,ok,ok
002745,train,ok,ok
002743,train,ok,ok
002748,train,ok,ok
002749,train,ok,ok
002750,train,ok,ok
002744,train,ok,ok
002747,train,ok,ok
002751,train,ok,ok
002752,train,ok,ok
002757,train,ok,ok
002753,train,ok,ok
002754,train,ok,ok
002755,train,ok,ok
002758,train,ok,ok
002756,train,ok,ok
002762,train,ok,ok
002759,train,ok,ok
002760,train,ok,ok
002761,train,ok,ok
002764,train,ok,ok
002763,train,ok,ok
002769,train,ok,ok
002765,train,ok,ok
002772,train,ok,ok
002770,train,ok,ok
002767,train,ok,ok
002768,train,ok,ok
002766,train,ok,ok
002774,train,ok,ok
002773,train,ok,ok
002771,train,ok,ok
002776,train,ok,ok
002775,train,ok,ok
002777,train,ok,ok
002781,train,ok,ok
002778,train,ok,ok
002783,train,ok,ok
002780,train,ok,ok
002779,train,ok,ok
002782,train,ok,ok
002784,train,ok,ok
002786,train,ok,ok
002785,train,ok,ok
002788,train,ok,ok
002787,train,ok,ok
002790,train,ok,ok
002789,train,ok,ok
002793,train,ok,ok
002794,train,ok,ok
002792,train,ok,ok
002791,train,ok,ok
002795,train,ok,ok
002796,train,ok,ok
002798,train,ok,ok
002800,train,ok,ok
002799,train,ok,ok
002802,train,ok,ok
002797,train,ok,ok
002801,train,ok,ok
002804,train,ok,ok
002803,train,ok,ok
002806,train,ok,ok
002805,train,ok,ok
002809,train,ok,ok
002807,train,ok,ok
002811,train,ok,ok
002813,train,ok,ok
002810,train,ok,ok
002808,train,ok,ok
002814,train,ok,ok
002812,train,ok,ok
002816,train,ok,ok
002815,train,ok,ok
002817,train,ok,ok
002818,train,ok,ok
002819,train,ok,ok
002820,train,ok,ok
002821,train,ok,ok
002822,train,ok,ok
002824,train,ok,ok
002823,train,ok,ok
002825,train,ok,ok
002826,train,ok,ok
002827,train,ok,ok
002828,train,ok,ok
002830,train,ok,ok
002829,train,ok,ok
002831,train,ok,ok
002834,train,ok,ok
002837,train,ok,ok
002836,train,ok,ok
002835,train,ok,ok
002832,train,ok,ok
002839,train,ok,ok
002838,train,ok,ok
002833,train,ok,ok
002840,train,ok,ok
002841,train,ok,ok
002842,train,ok,ok
002844,train,ok,ok
002843,train,ok,ok
002845,train,ok,ok
002847,train,ok,ok
002848,train,ok,ok
002849,train,ok,ok
002846,train,ok,ok
002851,train,ok,ok
002852,train,ok,ok
002854,train,ok,ok
002855,train,ok,ok
002850,train,ok,ok
002856,train,ok,ok
002857,train,ok,ok
002859,train,ok,ok
002861,train,ok,ok
002860,train,ok,ok
002858,train,ok,ok
002853,train,ok,ok
002863,train,ok,ok
002864,train,ok,ok
002862,train,ok,ok
002866,train,ok,ok
002865,train,ok,ok
002867,train,ok,ok
002868,train,ok,ok
002869,train,ok,ok
002871,train,ok,ok
002873,train,ok,ok
002876,train,ok,ok
002870,train,ok,ok
002872,train,ok,ok
002877,train,ok,ok
002879,train,ok,ok
002874,train,ok,ok
002875,train,ok,ok
002878,train,ok,ok
002880,train,ok,ok
002881,train,ok,ok
002882,train,ok,ok
002883,train,ok,ok
002884,train,ok,ok
002885,train,ok,ok
002887,train,ok,ok
002890,train,ok,ok
002886,train,ok,ok
002891,train,ok,ok
002888,train,ok,ok
002893,train,ok,ok
002894,train,ok,ok
002889,train,ok,ok
002892,train,ok,ok
002895,train,ok,ok
002896,train,ok,ok
002897,train,ok,ok
002898,train,ok,ok
002901,train,ok,ok
002899,train,ok,ok
002900,train,ok,ok
002903,train,ok,ok
002905,train,ok,ok
002902,train,ok,ok
002904,train,ok,ok
002908,train,ok,ok
002906,train,ok,ok
002907,train,ok,ok
002912,train,ok,ok
002910,train,ok,ok
002909,train,ok,ok
002913,train,ok,ok
002914,train,ok,ok
002911,train,ok,ok
002915,train,ok,ok
002917,train,ok,ok
002918,train,ok,ok
002916,train,ok,ok
002919,train,ok,ok
002920,train,ok,ok
002922,train,ok,ok
002921,train,ok,ok
002923,train,ok,ok
002926,train,ok,ok
002924,train,ok,ok
002925,train,ok,ok
002928,train,ok,ok
002929,train,ok,ok
002927,train,ok,ok
002932,train,ok,ok
002930,train,ok,ok
002931,train,ok,ok
002933,train,ok,ok
002935,train,ok,ok
002934,train,ok,ok
002937,train,ok,ok
002941,train,ok,ok
002939,train,ok,ok
002938,train,ok,ok
002936,train,ok,ok
002940,train,ok,ok
002942,train,ok,ok
002943,train,ok,ok
002946,train,ok,ok
002944,train,ok,ok
002948,train,ok,ok
002945,train,ok,ok
002949,train,ok,ok
002947,train,ok,ok
002950,train,ok,ok
002952,train,ok,ok
002951,train,ok,ok
002955,train,ok,ok
002954,train,ok,ok
002953,train,ok,ok
002956,train,ok,ok
002957,train,ok,ok
002958,train,ok,ok
002959,train,ok,ok
002962,train,ok,ok
002960,train,ok,ok
002963,train,ok,ok
002961,train,ok,ok
002964,train,ok,ok
002966,train,ok,ok
002967,train,ok,ok
002965,train,ok,ok
002968,train,ok,ok
002970,train,ok,ok
002972,train,ok,ok
002971,train,ok,ok
002974,train,ok,ok
002969,train,ok,ok
002975,train,ok,ok
002978,train,ok,ok
002973,train,ok,ok
002977,train,ok,ok
002980,train,ok,ok
002982,train,ok,ok
002979,train,ok,ok
002981,train,ok,ok
002984,train,ok,ok
002983,train,ok,ok
002976,train,ok,ok
002985,train,ok,ok
002986,train,ok,ok
002987,train,ok,ok
002988,train,ok,ok
002989,train,ok,ok
002991,train,ok,ok
002990,train,ok,ok
002993,train,ok,ok
002992,train,ok,ok
002997,train,ok,ok
002998,train,ok,ok
002996,train,ok,ok
002995,train,ok,ok
003001,train,ok,ok
002999,train,ok,ok
003000,train,ok,ok
002994,train,ok,ok
003004,train,ok,ok
003003,train,ok,ok
003005,train,ok,ok
003002,train,ok,ok
003007,train,ok,ok
003009,train,ok,ok
003006,train,ok,ok
003008,train,ok,ok
003010,train,ok,ok
003012,train,ok,ok
003014,train,ok,ok
003011,train,ok,ok
003013,train,ok,ok
003015,train,ok,ok
003017,train,ok,ok
003016,train,ok,ok
003020,train,ok,ok
003021,train,ok,ok
003019,train,ok,ok
003018,train,ok,ok
003024,train,ok,ok
003023,train,ok,ok
003022,train,ok,ok
003026,train,ok,ok
003027,train,ok,ok
003028,train,ok,ok
003029,train,ok,ok
003025,train,ok,ok
003030,train,ok,ok
003031,train,ok,ok
003032,train,ok,ok
003033,train,ok,ok
003034,train,ok,ok
003036,train,ok,ok
003035,train,ok,ok
003038,train,ok,ok
003041,train,ok,ok
003037,train,ok,ok
003042,train,ok,ok
003040,train,ok,ok
003039,train,ok,ok
003044,train,ok,ok
003047,train,ok,ok
003043,train,ok,ok
003046,train,ok,ok
003048,train,ok,ok
003050,train,ok,ok
003049,train,ok,ok
003052,train,ok,ok
003045,train,ok,ok
003053,train,ok,ok
003054,train,ok,ok
003051,train,ok,ok
003056,train,ok,ok
003057,train,ok,ok
003060,train,ok,ok
003059,train,ok,ok
003058,train,ok,ok
003055,train,ok,ok
003062,train,ok,ok
003061,train,ok,ok
003063,train,ok,ok
003064,train,ok,ok
003066,train,ok,ok
003065,train,ok,ok
003067,train,ok,ok
003068,train,ok,ok
003074,train,ok,ok
003070,train,ok,ok
003072,train,ok,ok
003069,train,ok,ok
003071,train,ok,ok
003073,train,ok,ok
003076,train,ok,ok
003075,train,ok,ok
003078,train,ok,ok
003079,train,ok,ok
003077,train,ok,ok
003080,train,ok,ok
003081,train,ok,ok
003083,train,ok,ok
003084,train,ok,ok
003082,train,ok,ok
003088,train,ok,ok
003086,train,ok,ok
003087,train,ok,ok
003085,train,ok,ok
003090,train,ok,ok
003089,train,ok,ok
003096,train,ok,ok
003091,train,ok,ok
003093,train,ok,ok
003095,train,ok,ok
003092,train,ok,ok
003097,train,ok,ok
003094,train,ok,ok
003098,train,ok,ok
003099,train,ok,ok
003100,train,ok,ok
003102,train,ok,ok
003101,train,ok,ok
003109,train,ok,ok
003106,train,ok,ok
003104,train,ok,ok
003107,train,ok,ok
003103,train,ok,ok
003108,train,ok,ok
003110,train,ok,ok
003105,train,ok,ok
003114,train,ok,ok
003111,train,ok,ok
003112,train,ok,ok
003115,train,ok,ok
003113,train,ok,ok
003117,train,ok,ok
003118,train,ok,ok
003116,train,ok,ok
003119,train,ok,ok
003122,train,ok,ok
003120,train,ok,ok
003123,train,ok,ok
003121,train,ok,ok
003124,train,ok,ok
003127,train,ok,ok
003128,train,ok,ok
003125,train,ok,ok
003126,train,ok,ok
003129,train,ok,ok
003130,train,ok,ok
003131,train,ok,ok
003132,train,ok,ok
003133,train,ok,ok
003134,train,ok,ok
003135,train,ok,ok
003137,train,ok,ok
003136,train,ok,ok
003144,train,ok,ok
003141,train,ok,ok
003142,train,ok,ok
003143,train,ok,ok
003139,train,ok,ok
003138,train,ok,ok
003140,train,ok,ok
003145,train,ok,ok
003147,train,ok,ok
003146,train,ok,ok
003149,train,ok,ok
003150,train,ok,ok
003152,train,ok,ok
003148,train,ok,ok
003153,train,ok,ok
003151,train,ok,ok
003155,train,ok,ok
003154,train,ok,ok
003159,train,ok,ok
003158,train,ok,ok
003157,train,ok,ok
003156,train,ok,ok
003161,train,ok,ok
003160,train,ok,ok
003163,train,ok,ok
003162,train,ok,ok
003165,train,ok,ok
003164,train,ok,ok
003167,train,ok,ok
003168,train,ok,ok
003166,train,ok,ok
003170,train,ok,ok
003169,train,ok,ok
003175,train,ok,ok
003171,train,ok,ok
003176,train,ok,ok
003174,train,ok,ok
003172,train,ok,ok
003173,train,ok,ok
003178,train,ok,ok
003179,train,ok,ok
003177,train,ok,ok
003181,train,ok,ok
003182,train,ok,ok
003183,train,ok,ok
003185,train,ok,ok
003184,train,ok,ok
003186,train,ok,ok
003187,train,ok,ok
003188,train,ok,ok
003180,train,ok,ok
003189,train,ok,ok
003190,train,ok,ok
003192,train,ok,ok
003191,train,ok,ok
003193,train,ok,ok
003195,train,ok,ok
003194,train,ok,ok
003197,train,ok,ok
003196,train,ok,ok
003198,train,ok,ok
003200,train,ok,ok
003201,train,ok,ok
003203,train,ok,ok
003205,train,ok,ok
003202,train,ok,ok
003199,train,ok,ok
003204,train,ok,ok
003208,train,ok,ok
003206,train,ok,ok
003207,train,ok,ok
003209,train,ok,ok
003213,train,ok,ok
003211,train,ok,ok
003210,train,ok,ok
003216,train,ok,ok
003212,train,ok,ok
003214,train,ok,ok
003217,train,ok,ok
003215,train,ok,ok
003219,train,ok,ok
003218,train,ok,ok
003222,train,ok,ok
003221,train,ok,ok
003223,train,ok,ok
003220,train,ok,ok
003224,train,ok,ok
003225,train,ok,ok
003227,train,ok,ok
003226,train,ok,ok
003228,train,ok,ok
003229,train,ok,ok
003230,train,ok,ok
003231,train,ok,ok
003233,train,ok,ok
003235,train,ok,ok
003232,train,ok,ok
003234,train,ok,ok
003237,train,ok,ok
003240,train,ok,ok
003238,train,ok,ok
003239,train,ok,ok
003236,train,ok,ok
003241,train,ok,ok
003244,train,ok,ok
003243,train,ok,ok
003242,train,ok,ok
003245,train,ok,ok
003249,train,ok,ok
003246,train,ok,ok
003248,train,ok,ok
003247,train,ok,ok
003251,train,ok,ok
003254,train,ok,ok
003256,train,ok,ok
003250,train,ok,ok
003252,train,ok,ok
003257,train,ok,ok
003253,train,ok,ok
003255,train,ok,ok
003258,train,ok,ok
003260,train,ok,ok
003259,train,ok,ok
003262,train,ok,ok
003263,train,ok,ok
003264,train,ok,ok
003261,train,ok,ok
003265,train,ok,ok
003266,train,ok,ok
003269,train,ok,ok
003270,train,ok,ok
003268,train,ok,ok
003267,train,ok,ok
003271,train,ok,ok
003274,train,ok,ok
003272,train,ok,ok
003273,train,ok,ok
003277,train,ok,ok
003275,train,ok,ok
003280,train,ok,ok
003276,train,ok,ok
003278,train,ok,ok
003281,train,ok,ok
003279,train,ok,ok
003282,train,ok,ok
003283,train,ok,ok
003285,train,ok,ok
003284,train,ok,ok
003286,train,ok,ok
003287,train,ok,ok
003291,train,ok,ok
003290,train,ok,ok
003294,train,ok,ok
003288,train,ok,ok
003293,train,ok,ok
003289,train,ok,ok
003292,train,ok,ok
003295,train,ok,ok
003297,train,ok,ok
003299,train,ok,ok
003300,train,ok,ok
003296,train,ok,ok
003298,train,ok,ok
003302,train,ok,ok
003301,train,ok,ok
003306,train,ok,ok
003303,train,ok,ok
003305,train,ok,ok
003307,train,ok,ok
003304,train,ok,ok
003310,train,ok,ok
003308,train,ok,ok
003311,train,ok,ok
003309,train,ok,ok
003312,train,ok,ok
003313,train,ok,ok
003319,train,ok,ok
003317,train,ok,ok
003314,train,ok,ok
003318,train,ok,ok
003315,train,ok,ok
003316,train,ok,ok
003320,train,ok,ok
003321,train,ok,ok
003322,train,ok,ok
003323,train,ok,ok
003324,train,ok,ok
003325,train,ok,ok
003326,train,ok,ok
003327,train,ok,ok
003328,train,ok,ok
003330,train,ok,ok
003331,train,ok,ok
003329,train,ok,ok
003334,train,ok,ok
003332,train,ok,ok
003336,train,ok,ok
003333,train,ok,ok
003337,train,ok,ok
003338,train,ok,ok
003335,train,ok,ok
003339,train,ok,ok
003343,train,ok,ok
003341,train,ok,ok
003340,train,ok,ok
003342,train,ok,ok
003344,train,ok,ok
003345,train,ok,ok
003349,train,ok,ok
003348,train,ok,ok
003347,train,ok,ok
003346,train,ok,ok
003350,train,ok,ok
003351,train,ok,ok
003352,train,ok,ok
003354,train,ok,ok
003355,train,ok,ok
003353,train,ok,ok
003356,train,ok,ok
003357,train,ok,ok
003358,train,ok,ok
003359,train,ok,ok
003360,train,ok,ok
003362,train,ok,ok
003361,train,ok,ok
003363,train,ok,ok
003364,train,ok,ok
003365,train,ok,ok
003366,train,ok,ok
003367,train,ok,ok
003368,train,ok,ok
003369,train,ok,ok
003371,train,ok,ok
003370,train,ok,ok
003374,train,ok,ok
003378,train,ok,ok
003373,train,ok,ok
003377,train,ok,ok
003375,train,ok,ok
003372,train,ok,ok
003376,train,ok,ok
003379,train,ok,ok
003380,train,ok,ok
003382,train,ok,ok
003383,train,ok,ok
003384,train,ok,ok
003385,train,ok,ok
003381,train,ok,ok
003386,train,ok,ok
003389,train,ok,ok
003388,train,ok,ok
003387,train,ok,ok
003391,train,ok,ok
003390,train,ok,ok
003393,train,ok,ok
003392,train,ok,ok
003394,train,ok,ok
003395,train,ok,ok
003397,train,ok,ok
003398,train,ok,ok
003399,train,ok,ok
003400,train,ok,ok
003396,train,ok,ok
003402,train,ok,ok
003401,train,ok,ok
003406,train,ok,ok
003404,train,ok,ok
003403,train,ok,ok
003405,train,ok,ok
003408,train,ok,ok
003407,train,ok,ok
003410,train,ok,ok
003413,train,ok,ok
003414,train,ok,ok
003411,train,ok,ok
003409,train,ok,ok
003412,train,ok,ok
003415,train,ok,ok
003417,train,ok,ok
003416,train,ok,ok
003418,train,ok,ok
003420,train,ok,ok
003419,train,ok,ok
003422,train,ok,ok
003423,train,ok,ok
003421,train,ok,ok
003424,train,ok,ok
003425,train,ok,ok
003426,train,ok,ok
003427,train,ok,ok
003430,train,ok,ok
003428,train,ok,ok
003429,train,ok,ok
003433,train,ok,ok
003432,train,ok,ok
003435,train,ok,ok
003436,train,ok,ok
003437,train,ok,ok
003434,train,ok,ok
003438,train,ok,ok
003440,train,ok,ok
003441,train,ok,ok
003431,train,ok,ok
003439,train,ok,ok
003442,train,ok,ok
003445,train,ok,ok
003443,train,ok,ok
003444,train,ok,ok
003446,train,ok,ok
003447,train,ok,ok
003448,train,ok,ok
003450,train,ok,ok
003452,train,ok,ok
003454,train,ok,ok
003449,train,ok,ok
003456,train,ok,ok
003455,train,ok,ok
003453,train,ok,ok
003460,train,ok,ok
003458,train,ok,ok
003459,train,ok,ok
003451,train,ok,ok
003457,train,ok,ok
003461,train,ok,ok
003463,train,ok,ok
003464,train,ok,ok
003462,train,ok,ok
003465,train,ok,ok
003466,train,ok,ok
003467,train,ok,ok
003471,train,ok,ok
003470,train,ok,ok
003468,train,ok,ok
003472,train,ok,ok
003469,train,ok,ok
003473,train,ok,ok
003475,train,ok,ok
003477,train,ok,ok
003474,train,ok,ok
003478,train,ok,ok
003481,train,ok,ok
003479,train,ok,ok
003476,train,ok,ok
003480,train,ok,ok
003483,train,ok,ok
003485,train,ok,ok
003482,train,ok,ok
003484,train,ok,ok
003489,train,ok,ok
003487,train,ok,ok
003486,train,ok,ok
003488,train,ok,ok
003492,train,ok,ok
003490,train,ok,ok
003494,train,ok,ok
003493,train,ok,ok
003491,train,ok,ok
003499,train,ok,ok
003495,train,ok,ok
003497,train,ok,ok
003496,train,ok,ok
003498,train,ok,ok
003500,train,ok,ok
003501,train,ok,ok
003502,train,ok,ok
003504,train,ok,ok
003503,train,ok,ok
003505,train,ok,ok
003506,train,ok,ok
003507,train,ok,ok
003591,train,ok,ok
003509,train,ok,ok
003592,train,ok,ok
003508,train,ok,ok
003593,train,ok,ok
003510,train,ok,ok
003596,train,ok,ok
003594,train,ok,ok
003598,train,ok,ok
003601,train,ok,ok
003595,train,ok,ok
003599,train,ok,ok
003597,train,ok,ok
003600,train,ok,ok
003602,train,ok,ok
003603,train,ok,ok
003604,train,ok,ok
003607,train,ok,ok
003606,train,ok,ok
003605,train,ok,ok
003609,train,ok,ok
003608,train,ok,ok
003611,train,ok,ok
003610,train,ok,ok
003612,train,ok,ok
003615,train,ok,ok
003613,train,ok,ok
003616,train,ok,ok
003618,train,ok,ok
003617,train,ok,ok
003620,train,ok,ok
003619,train,ok,ok
003621,train,ok,ok
003624,train,ok,ok
003614,train,ok,ok
003623,train,ok,ok
003627,train,ok,ok
003622,train,ok,ok
003625,train,ok,ok
003626,train,ok,ok
003629,train,ok,ok
003632,train,ok,ok
003628,train,ok,ok
003631,train,ok,ok
003630,train,ok,ok
003633,train,ok,ok
003635,train,ok,ok
003634,train,ok,ok
003637,train,ok,ok
003640,train,ok,ok
003636,train,ok,ok
003638,train,ok,ok
003639,train,ok,ok
003642,train,ok,ok
003641,train,ok,ok
003643,train,ok,ok
003644,train,ok,ok
003646,train,ok,ok
003649,train,ok,ok
003647,train,ok,ok
003648,train,ok,ok
003645,train,ok,ok
003651,train,ok,ok
003652,train,ok,ok
003650,train,ok,ok
003653,train,ok,ok
003657,train,ok,ok
003655,train,ok,ok
003656,train,ok,ok
003654,train,ok,ok
003659,train,ok,ok
003658,train,ok,ok
003661,train,ok,ok
003660,train,ok,ok
003664,train,ok,ok
003663,train,ok,ok
003665,train,ok,ok
003667,train,ok,ok
003662,train,ok,ok
003666,train,ok,ok
003668,train,ok,ok
003669,train,ok,ok
003671,train,ok,ok
003672,train,ok,ok
003670,train,ok,ok
003674,train,ok,ok
003676,train,ok,ok
003675,train,ok,ok
003673,train,ok,ok
003677,train,ok,ok
003679,train,ok,ok
003680,train,ok,ok
003678,train,ok,ok
003681,train,ok,ok
003682,train,ok,ok
003685,train,ok,ok
003683,train,ok,ok
003686,train,ok,ok
003687,train,ok,ok
003684,train,ok,ok
003690,train,ok,ok
003688,train,ok,ok
003689,train,ok,ok
003691,train,ok,ok
003694,train,ok,ok
003693,train,ok,ok
003692,train,ok,ok
003695,train,ok,ok
003697,train,ok,ok
003698,train,ok,ok
003696,train,ok,ok
003699,train,ok,ok
003701,train,ok,ok
003700,train,ok,ok
003703,train,ok,ok
003702,train,ok,ok
003705,train,ok,ok
003704,train,ok,ok
003707,train,ok,ok
003706,train,ok,ok
003708,train,ok,ok
003709,train,ok,ok
003711,train,ok,ok
003710,train,ok,ok
003713,train,ok,ok
003714,train,ok,ok
003712,train,ok,ok
003716,train,ok,ok
003717,train,ok,ok
003715,train,ok,ok
003718,train,ok,ok
003719,train,ok,ok
003721,train,ok,ok
003722,train,ok,ok
003720,train,ok,ok
003725,train,ok,ok
003723,train,ok,ok
003724,train,ok,ok
003727,train,ok,ok
003728,train,ok,ok
003726,train,ok,ok
003730,train,ok,ok
003729,train,ok,ok
003732,train,ok,ok
003731,train,ok,ok
003734,train,ok,ok
003738,train,ok,ok
003735,train,ok,ok
003736,train,ok,ok
003737,train,ok,ok
003739,train,ok,ok
003733,train,ok,ok
003740,train,ok,ok
003743,train,ok,ok
003741,train,ok,ok
003742,train,ok,ok
003746,train,ok,ok
003747,train,ok,ok
003745,train,ok,ok
003744,train,ok,ok
003748,train,ok,ok
003749,train,ok,ok
003750,train,ok,ok
003751,train,ok,ok
003752,train,ok,ok
003754,train,ok,ok
003753,train,ok,ok
003758,train,ok,ok
003756,train,ok,ok
003755,train,ok,ok
003757,train,ok,ok
003759,train,ok,ok
003761,train,ok,ok
003760,train,ok,ok
003762,train,ok,ok
003763,train,ok,ok
003764,train,ok,ok
003766,train,ok,ok
003765,train,ok,ok
003767,train,ok,ok
003769,train,ok,ok
003770,train,ok,ok
003768,train,ok,ok
003771,train,ok,ok
003773,train,ok,ok
003776,train,ok,ok
003774,train,ok,ok
003775,train,ok,ok
003772,train,ok,ok
003778,train,ok,ok
003777,train,ok,ok
003781,train,ok,ok
003780,train,ok,ok
003779,train,ok,ok
003784,train,ok,ok
003782,train,ok,ok
003783,train,ok,ok
003785,train,ok,ok
003790,train,ok,ok
003787,train,ok,ok
003786,train,ok,ok
003788,train,ok,ok
003789,train,ok,ok
003792,train,ok,ok
003791,train,ok,ok
003793,train,ok,ok
003794,train,ok,ok
003795,train,ok,ok
003796,train,ok,ok
003797,train,ok,ok
003798,train,ok,ok
003799,train,ok,ok
003800,train,ok,ok
003801,train,ok,ok
003805,train,ok,ok
003802,train,ok,ok
003803,train,ok,ok
003806,train,ok,ok
003804,train,ok,ok
003808,train,ok,ok
003809,train,ok,ok
003812,train,ok,ok
003810,train,ok,ok
003813,train,ok,ok
003811,train,ok,ok
003816,train,ok,ok
003807,train,ok,ok
003814,train,ok,ok
003815,train,ok,ok
003817,train,ok,ok
003819,train,ok,ok
003818,train,ok,ok
003821,train,ok,ok
003822,train,ok,ok
003820,train,ok,ok
003826,train,ok,ok
003823,train,ok,ok
003825,train,ok,ok
003824,train,ok,ok
003827,train,ok,ok
003830,train,ok,ok
003828,train,ok,ok
003831,train,ok,ok
003829,train,ok,ok
003832,train,ok,ok
003833,train,ok,ok
003835,train,ok,ok
003836,train,ok,ok
003837,train,ok,ok
003838,train,ok,ok
003834,train,ok,ok
003841,train,ok,ok
003839,train,ok,ok
003840,train,ok,ok
003843,train,ok,ok
003842,train,ok,ok
003844,train,ok,ok
003846,train,ok,ok
003845,train,ok,ok
003847,train,ok,ok
003848,train,ok,ok
003850,train,ok,ok
003851,train,ok,ok
003849,train,ok,ok
003852,train,ok,ok
003853,train,ok,ok
003855,train,ok,ok
003854,train,ok,ok
003856,train,ok,ok
003857,train,ok,ok
003862,train,ok,ok
003859,train,ok,ok
003860,train,ok,ok
003865,train,ok,ok
003861,train,ok,ok
003864,train,ok,ok
003863,train,ok,ok
003866,train,ok,ok
003858,train,ok,ok
003868,train,ok,ok
003867,train,ok,ok
003870,train,ok,ok
003871,train,ok,ok
003872,train,ok,ok
003869,train,ok,ok
003874,train,ok,ok
003873,train,ok,ok
003875,train,ok,ok
003876,train,ok,ok
003877,train,ok,ok
003878,train,ok,ok
003880,train,ok,ok
003881,train,ok,ok
003882,train,ok,ok
003883,train,ok,ok
003885,train,ok,ok
003879,train,ok,ok
003886,train,ok,ok
003884,train,ok,ok
003887,train,ok,ok
003888,train,ok,ok
003889,train,ok,ok
003890,train,ok,ok
003892,train,ok,ok
003895,train,ok,ok
003891,train,ok,ok
003893,train,ok,ok
003894,train,ok,ok
003896,train,ok,ok
003898,train,ok,ok
003899,train,ok,ok
003897,train,ok,ok
003983,train,ok,ok
003981,train,ok,ok
003982,train,ok,ok
003900,train,ok,ok
003985,train,ok,ok
003984,train,ok,ok
003987,train,ok,ok
003991,train,ok,ok
003986,train,ok,ok
003989,train,ok,ok
003990,train,ok,ok
003992,train,ok,ok
003994,train,ok,ok
003988,train,ok,ok
003996,train,ok,ok
003995,train,ok,ok
003993,train,ok,ok
003997,train,ok,ok
003999,train,ok,ok
003998,train,ok,ok
004001,train,ok,ok
004000,train,ok,ok
004002,train,ok,ok
004003,train,ok,ok
004004,train,ok,ok
004005,train,ok,ok
004008,train,ok,ok
004007,train,ok,ok
004006,train,ok,ok
004011,train,ok,ok
004009,train,ok,ok
004012,train,ok,ok
004010,train,ok,ok
004014,train,ok,ok
004013,train,ok,ok
004015,train,ok,ok
004016,train,ok,ok
004017,train,ok,ok
004018,train,ok,ok
004020,train,ok,ok
004019,train,ok,ok
004021,train,ok,ok
004022,train,ok,ok
004023,train,ok,ok
004024,train,ok,ok
004026,train,ok,ok
004025,train,ok,ok
004027,train,ok,ok
004029,train,ok,ok
004030,train,ok,ok
004028,train,ok,ok
004031,train,ok,ok
004035,train,ok,ok
004038,train,ok,ok
004034,train,ok,ok
004032,train,ok,ok
004036,train,ok,ok
004039,train,ok,ok
004041,train,ok,ok
004037,train,ok,ok
004033,train,ok,ok
004042,train,ok,ok
004040,train,ok,ok
004045,train,ok,ok
004044,train,ok,ok
004049,train,ok,ok
004047,train,ok,ok
004050,train,ok,ok
004046,train,ok,ok
004043,train,ok,ok
004048,train,ok,ok
004053,train,ok,ok
004052,train,ok,ok
004054,train,ok,ok
004051,train,ok,ok
004055,train,ok,ok
004056,train,ok,ok
004059,train,ok,ok
004057,train,ok,ok
004060,train,ok,ok
004058,train,ok,ok
004062,train,ok,ok
004066,train,ok,ok
004063,train,ok,ok
004065,train,ok,ok
004067,train,ok,ok
004069,train,ok,ok
004061,train,ok,ok
004064,train,ok,ok
004068,train,ok,ok
004070,train,ok,ok
004073,train,ok,ok
004071,train,ok,ok
004072,train,ok,ok
004075,train,ok,ok
004074,train,ok,ok
004076,train,ok,ok
004078,train,ok,ok
004081,train,ok,ok
004077,train,ok,ok
004079,train,ok,ok
004083,train,ok,ok
004080,train,ok,ok
004082,train,ok,ok
004086,train,ok,ok
004085,train,ok,ok
004087,train,ok,ok
004084,train,ok,ok
004088,train,ok,ok
004090,train,ok,ok
004089,train,ok,ok
004091,train,ok,ok
004092,train,ok,ok
004094,train,ok,ok
004095,train,ok,ok
004093,train,ok,ok
004098,train,ok,ok
004096,train,ok,ok
004099,train,ok,ok
004101,train,ok,ok
004100,train,ok,ok
004097,train,ok,ok
004102,train,ok,ok
004104,train,ok,ok
004106,train,ok,ok
004103,train,ok,ok
004107,train,ok,ok
004105,train,ok,ok
004109,train,ok,ok
004108,train,ok,ok
004111,train,ok,ok
004112,train,ok,ok
004113,train,ok,ok
004110,train,ok,ok
004115,train,ok,ok
004117,train,ok,ok
004116,train,ok,ok
004119,train,ok,ok
004114,train,ok,ok
004120,train,ok,ok
004118,train,ok,ok
004121,train,ok,ok
004124,train,ok,ok
004126,train,ok,ok
004122,train,ok,ok
004125,train,ok,ok
004123,train,ok,ok
004129,train,ok,ok
004127,train,ok,ok
004128,train,ok,ok
004131,train,ok,ok
004130,train,ok,ok
004132,train,ok,ok
004135,train,ok,ok
004134,train,ok,ok
004133,train,ok,ok
004136,train,ok,ok
004138,train,ok,ok
004137,train,ok,ok
004140,train,ok,ok
004142,train,ok,ok
004141,train,ok,ok
004139,train,ok,ok
004143,train,ok,ok
004144,train,ok,ok
004145,train,ok,ok
004147,train,ok,ok
004148,train,ok,ok
004150,train,ok,ok
004146,train,ok,ok
004153,train,ok,ok
004154,train,ok,ok
004149,train,ok,ok
004155,train,ok,ok
004152,train,ok,ok
004151,train,ok,ok
004158,train,ok,ok
004156,train,ok,ok
004157,train,ok,ok
004159,train,ok,ok
004160,train,ok,ok
004161,train,ok,ok
004162,train,ok,ok
004164,train,ok,ok
004165,train,ok,ok
004163,train,ok,ok
004169,train,ok,ok
004167,train,ok,ok
004170,train,ok,ok
004166,train,ok,ok
004168,train,ok,ok
004172,train,ok,ok
004173,train,ok,ok
004175,train,ok,ok
004171,train,ok,ok
004174,train,ok,ok
004177,train,ok,ok
004176,train,ok,ok
004178,train,ok,ok
004179,train,ok,ok
004182,train,ok,ok
004181,train,ok,ok
004180,train,ok,ok
004183,train,ok,ok
004184,train,ok,ok
004185,train,ok,ok
004186,train,ok,ok
004187,train,ok,ok
004191,train,ok,ok
004189,train,ok,ok
004190,train,ok,ok
004188,train,ok,ok
004192,train,ok,ok
004193,train,ok,ok
004194,train,ok,ok
004195,train,ok,ok
004196,train,ok,ok
004197,train,ok,ok
004200,train,ok,ok
004198,train,ok,ok
004199,train,ok,ok
004202,train,ok,ok
004203,train,ok,ok
004201,train,ok,ok
004204,train,ok,ok
004205,train,ok,ok
004207,train,ok,ok
004206,train,ok,ok
004208,train,ok,ok
004209,train,ok,ok
004210,train,ok,ok
004216,train,ok,ok
004211,train,ok,ok
004213,train,ok,ok
004212,train,ok,ok
004214,train,ok,ok
004217,train,ok,ok
004215,train,ok,ok
004218,train,ok,ok
004219,train,ok,ok
004221,train,ok,ok
004220,train,ok,ok
004224,train,ok,ok
004222,train,ok,ok
004226,train,ok,ok
004223,train,ok,ok
004227,train,ok,ok
004228,train,ok,ok
004225,train,ok,ok
004231,train,ok,ok
004229,train,ok,ok
004230,train,ok,ok
004232,train,ok,ok
004233,train,ok,ok
004235,train,ok,ok
004234,train,ok,ok
004237,train,ok,ok
004238,train,ok,ok
004240,train,ok,ok
004239,train,ok,ok
004242,train,ok,ok
004241,train,ok,ok
004236,train,ok,ok
004245,train,ok,ok
004246,train,ok,ok
004244,train,ok,ok
004243,train,ok,ok
004247,train,ok,ok
004248,train,ok,ok
004249,train,ok,ok
004250,train,ok,ok
004254,train,ok,ok
004251,train,ok,ok
004252,train,ok,ok
004255,train,ok,ok
004253,train,ok,ok
004256,train,ok,ok
004258,train,ok,ok
004257,train,ok,ok
004262,train,ok,ok
004264,train,ok,ok
004260,train,ok,ok
004261,train,ok,ok
004259,train,ok,ok
004263,train,ok,ok
004265,train,ok,ok
004269,train,ok,ok
004266,train,ok,ok
004268,train,ok,ok
004270,train,ok,ok
004271,train,ok,ok
004267,train,ok,ok
004276,train,ok,ok
004272,train,ok,ok
004273,train,ok,ok
004274,train,ok,ok
004279,train,ok,ok
004275,train,ok,ok
004278,train,ok,ok
004277,train,ok,ok
004281,train,ok,ok
004283,train,ok,ok
004284,train,ok,ok
004280,train,ok,ok
004282,train,ok,ok
004285,train,ok,ok
004286,train,ok,ok
004287,train,ok,ok
004289,train,ok,ok
004293,train,ok,ok
004291,train,ok,ok
004290,train,ok,ok
004288,train,ok,ok
004294,train,ok,ok
004295,train,ok,ok
004296,train,ok,ok
004298,train,ok,ok
004292,train,ok,ok
004297,train,ok,ok
004301,train,ok,ok
004302,train,ok,ok
004299,train,ok,ok
004305,train,ok,ok
004300,train,ok,ok
004304,train,ok,ok
004308,train,ok,ok
004303,train,ok,ok
004309,train,ok,ok
004307,train,ok,ok
004306,train,ok,ok
004311,train,ok,ok
004310,train,ok,ok
004312,train,ok,ok
004313,train,ok,ok
004314,train,ok,ok
004316,train,ok,ok
004315,train,ok,ok
004318,train,ok,ok
004317,train,ok,ok
004319,train,ok,ok
004322,train,ok,ok
004321,train,ok,ok
004320,train,ok,ok
004325,train,ok,ok
004326,train,ok,ok
004324,train,ok,ok
004323,train,ok,ok
004330,train,ok,ok
004328,train,ok,ok
004327,train,ok,ok
004331,train,ok,ok
004329,train,ok,ok
004332,train,ok,ok
004333,train,ok,ok
004334,train,ok,ok
004337,train,ok,ok
004335,train,ok,ok
004336,train,ok,ok
004339,train,ok,ok
004338,train,ok,ok
004340,train,ok,ok
004343,train,ok,ok
004342,train,ok,ok
004344,train,ok,ok
004348,train,ok,ok
004341,train,ok,ok
004346,train,ok,ok
004349,train,ok,ok
004345,train,ok,ok
004350,train,ok,ok
004347,train,ok,ok
004353,train,ok,ok
004351,train,ok,ok
004352,train,ok,ok
004354,train,ok,ok
004356,train,ok,ok
004358,train,ok,ok
004355,train,ok,ok
004357,train,ok,ok
004361,train,ok,ok
004364,train,ok,ok
004360,train,ok,ok
004362,train,ok,ok
004363,train,ok,ok
004365,train,ok,ok
004359,train,ok,ok
004369,train,ok,ok
004366,train,ok,ok
004373,train,ok,ok
004367,train,ok,ok
004372,train,ok,ok
004370,train,ok,ok
004371,train,ok,ok
004368,train,ok,ok
004374,train,ok,ok
004375,train,ok,ok
004377,train,ok,ok
004376,train,ok,ok
004378,train,ok,ok
004381,train,ok,ok
004382,train,ok,ok
004379,train,ok,ok
004380,train,ok,ok
004383,train,ok,ok
004384,train,ok,ok
004385,train,ok,ok
004386,train,ok,ok
000001,test,ok,ok
000003,test,ok,ok
004387,train,ok,ok
004390,train,ok,ok
004388,train,ok,ok
000002,test,ok,ok
004389,train,ok,ok
000008,test,ok,ok
000005,test,ok,ok
000004,test,ok,ok
000006,test,ok,ok
000010,test,ok,ok
000007,test,ok,ok
000009,test,ok,ok
000011,test,ok,ok
000014,test,ok,ok
000013,test,ok,ok
000012,test,ok,ok
000015,test,ok,ok
000016,test,ok,ok
000017,test,ok,ok
000019,test,ok,ok
000018,test,ok,ok
000020,test,ok,ok
000021,test,ok,ok
000022,test,ok,ok
000023,test,ok,ok
000024,test,ok,ok
000025,test,ok,ok
000026,test,ok,ok
000030,test,ok,ok
000031,test,ok,ok
000027,test,ok,ok
000028,test,ok,ok
000029,test,ok,ok
000032,test,ok,ok
000034,test,ok,ok
000036,test,ok,ok
000033,test,ok,ok
000039,test,ok,ok
000037,test,ok,ok
000040,test,ok,ok
000038,test,ok,ok
000035,test,ok,ok
000041,test,ok,ok
000042,test,ok,ok
000043,test,ok,ok
000045,test,ok,ok
000044,test,ok,ok
000047,test,ok,ok
000048,test,ok,ok
000049,test,ok,ok
000046,test,ok,ok
000050,test,ok,ok
000051,test,ok,ok
000056,test,ok,ok
000055,test,ok,ok
000054,test,ok,ok
000053,test,ok,ok
000058,test,ok,ok
000052,test,ok,ok
000059,test,ok,ok
000057,test,ok,ok
000060,test,ok,ok
000061,test,ok,ok
000062,test,ok,ok
000063,test,ok,ok
000064,test,ok,ok
000065,test,ok,ok
000069,test,ok,ok
000071,test,ok,ok
000066,test,ok,ok
000068,test,ok,ok
000072,test,ok,ok
000074,test,ok,ok
000070,test,ok,ok
000067,test,ok,ok
000076,test,ok,ok
000073,test,ok,ok
000075,test,ok,ok
000078,test,ok,ok
000079,test,ok,ok
000077,test,ok,ok
000080,test,ok,ok
000081,test,ok,ok
000085,test,ok,ok
000084,test,ok,ok
000083,test,ok,ok
000082,test,ok,ok
000087,test,ok,ok
000086,test,ok,ok
000089,test,ok,ok
000094,test,ok,ok
000088,test,ok,ok
000091,test,ok,ok
000090,test,ok,ok
000092,test,ok,ok
000095,test,ok,ok
000097,test,ok,ok
000096,test,ok,ok
000093,test,ok,ok
000099,test,ok,ok
000100,test,ok,ok
000101,test,ok,ok
000098,test,ok,ok
000102,test,ok,ok
000103,test,ok,ok
000105,test,ok,ok
000107,test,ok,ok
000106,test,ok,ok
000104,test,ok,ok
000108,test,ok,ok
000109,test,ok,ok
000110,test,ok,ok
000111,test,ok,ok
000114,test,ok,ok
000116,test,ok,ok
000112,test,ok,ok
000113,test,ok,ok
000118,test,ok,ok
000117,test,ok,ok
000115,test,ok,ok
000119,test,ok,ok
000120,test,ok,ok
000122,test,ok,ok
000123,test,ok,ok
000125,test,ok,ok
000124,test,ok,ok
000128,test,ok,ok
000121,test,ok,ok
000129,test,ok,ok
000126,test,ok,ok
000131,test,ok,ok
000127,test,ok,ok
000134,test,ok,ok
000132,test,ok,ok
000133,test,ok,ok
000130,test,ok,ok
000136,test,ok,ok
000138,test,ok,ok
000135,test,ok,ok
000139,test,ok,ok
000137,test,ok,ok
000142,test,ok,ok
000141,test,ok,ok
000144,test,ok,ok
000145,test,ok,ok
000140,test,ok,ok
000147,test,ok,ok
000146,test,ok,ok
000143,test,ok,ok
000148,test,ok,ok
000150,test,ok,ok
000152,test,ok,ok
000149,test,ok,ok
000155,test,ok,ok
000151,test,ok,ok
000156,test,ok,ok
000153,test,ok,ok
000159,test,ok,ok
000154,test,ok,ok
000158,test,ok,ok
000160,test,ok,ok
000157,test,ok,ok
000161,test,ok,ok
000164,test,ok,ok
000162,test,ok,ok
000165,test,ok,ok
000167,test,ok,ok
000166,test,ok,ok
000168,test,ok,ok
000163,test,ok,ok
000169,test,ok,ok
000172,test,ok,ok
000170,test,ok,ok
000171,test,ok,ok
000173,test,ok,ok
000174,test,ok,ok
000175,test,ok,ok
000177,test,ok,ok
000178,test,ok,ok
000176,test,ok,ok
000179,test,ok,ok
000180,test,ok,ok
000182,test,ok,ok
000183,test,ok,ok
000181,test,ok,ok
000184,test,ok,ok
000186,test,ok,ok
000185,test,ok,ok
000189,test,ok,ok
000187,test,ok,ok
000193,test,ok,ok
000191,test,ok,ok
000188,test,ok,ok
000192,test,ok,ok
000190,test,ok,ok
000194,test,ok,ok
000196,test,ok,ok
000197,test,ok,ok
000198,test,ok,ok
000195,test,ok,ok
000199,test,ok,ok
000202,test,ok,ok
000201,test,ok,ok
000200,test,ok,ok
000203,test,ok,ok
000205,test,ok,ok
000206,test,ok,ok
000207,test,ok,ok
000208,test,ok,ok
000209,test,ok,ok
000212,test,ok,ok
000210,test,ok,ok
000215,test,ok,ok
000204,test,ok,ok
000211,test,ok,ok
000214,test,ok,ok
000216,test,ok,ok
000217,test,ok,ok
000220,test,ok,ok
000219,test,ok,ok
000218,test,ok,ok
000213,test,ok,ok
000221,test,ok,ok
000222,test,ok,ok
000224,test,ok,ok
000223,test,ok,ok
000225,test,ok,ok
000226,test,ok,ok
000228,test,ok,ok
000229,test,ok,ok
000227,test,ok,ok
000230,test,ok,ok
000231,test,ok,ok
000232,test,ok,ok
000234,test,ok,ok
000236,test,ok,ok
000238,test,ok,ok
000235,test,ok,ok
000233,test,ok,ok
000239,test,ok,ok
000237,test,ok,ok
000240,test,ok,ok
000245,test,ok,ok
000241,test,ok,ok
000242,test,ok,ok
000243,test,ok,ok
000247,test,ok,ok
000244,test,ok,ok
000248,test,ok,ok
000246,test,ok,ok
000251,test,ok,ok
000249,test,ok,ok
000250,test,ok,ok
000252,test,ok,ok
000254,test,ok,ok
000256,test,ok,ok
000255,test,ok,ok
000257,test,ok,ok
000253,test,ok,ok
000258,test,ok,ok
000259,test,ok,ok
000260,test,ok,ok
000262,test,ok,ok
000263,test,ok,ok
000261,test,ok,ok
000265,test,ok,ok
000270,test,ok,ok
000264,test,ok,ok
000268,test,ok,ok
000266,test,ok,ok
000267,test,ok,ok
000271,test,ok,ok
000272,test,ok,ok
000269,test,ok,ok
000274,test,ok,ok
000273,test,ok,ok
000277,test,ok,ok
000276,test,ok,ok
000278,test,ok,ok
000275,test,ok,ok
000279,test,ok,ok
000281,test,ok,ok
000280,test,ok,ok
000282,test,ok,ok
000284,test,ok,ok
000287,test,ok,ok
000283,test,ok,ok
000286,test,ok,ok
000285,test,ok,ok
000289,test,ok,ok
000288,test,ok,ok
000290,test,ok,ok
000292,test,ok,ok
000293,test,ok,ok
000294,test,ok,ok
000295,test,ok,ok
000291,test,ok,ok
000296,test,ok,ok
000299,test,ok,ok
000298,test,ok,ok
000297,test,ok,ok
000304,test,ok,ok
000300,test,ok,ok
000303,test,ok,ok
000302,test,ok,ok
000301,test,ok,ok
000306,test,ok,ok
000305,test,ok,ok
000307,test,ok,ok
000308,test,ok,ok
000310,test,ok,ok
000311,test,ok,ok
000313,test,ok,ok
000309,test,ok,ok
000315,test,ok,ok
000316,test,ok,ok
000314,test,ok,ok
000312,test,ok,ok
000318,test,ok,ok
000317,test,ok,ok
000321,test,ok,ok
000320,test,ok,ok
000322,test,ok,ok
000319,test,ok,ok
000324,test,ok,ok
000323,test,ok,ok
000326,test,ok,ok
000325,test,ok,ok
000330,test,ok,ok
000328,test,ok,ok
000329,test,ok,ok
000327,test,ok,ok
000335,test,ok,ok
000332,test,ok,ok
000333,test,ok,ok
000331,test,ok,ok
000336,test,ok,ok
000337,test,ok,ok
000334,test,ok,ok
000338,test,ok,ok
000339,test,ok,ok
000340,test,ok,ok
000341,test,ok,ok
000344,test,ok,ok
000345,test,ok,ok
000348,test,ok,ok
000342,test,ok,ok
000343,test,ok,ok
000349,test,ok,ok
000346,test,ok,ok
000347,test,ok,ok
000351,test,ok,ok
000354,test,ok,ok
000352,test,ok,ok
000355,test,ok,ok
000350,test,ok,ok
000353,test,ok,ok
000357,test,ok,ok
000356,test,ok,ok
000358,test,ok,ok
000359,test,ok,ok
000362,test,ok,ok
000361,test,ok,ok
000365,test,ok,ok
000363,test,ok,ok
000360,test,ok,ok
000364,test,ok,ok
000366,test,ok,ok
000369,test,ok,ok
000368,test,ok,ok
000367,test,ok,ok
000370,test,ok,ok
000371,test,ok,ok
000372,test,ok,ok
000375,test,ok,ok
000376,test,ok,ok
000373,test,ok,ok
000374,test,ok,ok
000378,test,ok,ok
000377,test,ok,ok
000379,test,ok,ok
000380,test,ok,ok
000381,test,ok,ok
000383,test,ok,ok
000382,test,ok,ok
000386,test,ok,ok
000384,test,ok,ok
000385,test,ok,ok
000390,test,ok,ok
000387,test,ok,ok
000389,test,ok,ok
000391,test,ok,ok
000388,test,ok,ok
000393,test,ok,ok
000396,test,ok,ok
000395,test,ok,ok
000394,test,ok,ok
000392,test,ok,ok
000398,test,ok,ok
000399,test,ok,ok
000397,test,ok,ok
000400,test,ok,ok
000403,test,ok,ok
000401,test,ok,ok
000404,test,ok,ok
000402,test,ok,ok
000406,test,ok,ok
000405,test,ok,ok
000407,test,ok,ok
000408,test,ok,ok
000412,test,ok,ok
000409,test,ok,ok
000411,test,ok,ok
000413,test,ok,ok
000410,test,ok,ok
000415,test,ok,ok
000417,test,ok,ok
000419,test,ok,ok
000416,test,ok,ok
000414,test,ok,ok
000418,test,ok,ok
000420,test,ok,ok
000421,test,ok,ok
000426,test,ok,ok
000425,test,ok,ok
000423,test,ok,ok
000422,test,ok,ok
000424,test,ok,ok
000428,test,ok,ok
000427,test,ok,ok
000429,test,ok,ok
000430,test,ok,ok
000431,test,ok,ok
000433,test,ok,ok
000434,test,ok,ok
000432,test,ok,ok
000436,test,ok,ok
000435,test,ok,ok
000437,test,ok,ok
000438,test,ok,ok
000439,test,ok,ok
000440,test,ok,ok
000441,test,ok,ok
000443,test,ok,ok
000442,test,ok,ok
000445,test,ok,ok
000448,test,ok,ok
000446,test,ok,ok
000449,test,ok,ok
000444,test,ok,ok
000447,test,ok,ok
000450,test,ok,ok
000451,test,ok,ok
000452,test,ok,ok
000454,test,ok,ok
000453,test,ok,ok
000457,test,ok,ok
000455,test,ok,ok
000458,test,ok,ok
000456,test,ok,ok
000461,test,ok,ok
000460,test,ok,ok
000462,test,ok,ok
000463,test,ok,ok
000459,test,ok,ok
000464,test,ok,ok
000468,test,ok,ok
000467,test,ok,ok
000466,test,ok,ok
000465,test,ok,ok
000470,test,ok,ok
000469,test,ok,ok
000471,test,ok,ok
000472,test,ok,ok
000473,test,ok,ok
000474,test,ok,ok
000478,test,ok,ok
000476,test,ok,ok
000477,test,ok,ok
000475,test,ok,ok
000479,test,ok,ok
000481,test,ok,ok
000480,test,ok,ok
000483,test,ok,ok
000485,test,ok,ok
000484,test,ok,ok
000482,test,ok,ok
000486,test,ok,ok
000489,test,ok,ok
000491,test,ok,ok
000487,test,ok,ok
000488,test,ok,ok
000490,test,ok,ok
000492,test,ok,ok
000495,test,ok,ok
000494,test,ok,ok
000493,test,ok,ok
000501,test,ok,ok
000496,test,ok,ok
000502,test,ok,ok
000497,test,ok,ok
000500,test,ok,ok
000499,test,ok,ok
000498,test,ok,ok
000503,test,ok,ok
000505,test,ok,ok
000504,test,ok,ok
000509,test,ok,ok
000507,test,ok,ok
000506,test,ok,ok
000508,test,ok,ok
000510,test,ok,ok
000512,test,ok,ok
000514,test,ok,ok
000511,test,ok,ok
000518,test,ok,ok
000513,test,ok,ok
000516,test,ok,ok
000515,test,ok,ok
000517,test,ok,ok
000521,test,ok,ok
000523,test,ok,ok
000520,test,ok,ok
000525,test,ok,ok
000519,test,ok,ok
000524,test,ok,ok
000527,test,ok,ok
000522,test,ok,ok
000528,test,ok,ok
000526,test,ok,ok
000531,test,ok,ok
000529,test,ok,ok
000530,test,ok,ok
000532,test,ok,ok
000535,test,ok,ok
000533,test,ok,ok
000538,test,ok,ok
000534,test,ok,ok
000539,test,ok,ok
000537,test,ok,ok
000536,test,ok,ok
000542,test,ok,ok
000540,test,ok,ok
000541,test,ok,ok
000543,test,ok,ok
000545,test,ok,ok
000547,test,ok,ok
000546,test,ok,ok
000551,test,ok,ok
000544,test,ok,ok
000552,test,ok,ok
000550,test,ok,ok
000548,test,ok,ok
000555,test,ok,ok
000553,test,ok,ok
000554,test,ok,ok
000549,test,ok,ok
000556,test,ok,ok
000558,test,ok,ok
000557,test,ok,ok
000560,test,ok,ok
000559,test,ok,ok
000562,test,ok,ok
000561,test,ok,ok
000564,test,ok,ok
000563,test,ok,ok
000565,test,ok,ok
000569,test,ok,ok
000566,test,ok,ok
000567,test,ok,ok
000568,test,ok,ok
000573,test,ok,ok
000571,test,ok,ok
000574,test,ok,ok
000572,test,ok,ok
000577,test,ok,ok
000570,test,ok,ok
000575,test,ok,ok
000576,test,ok,ok
000579,test,ok,ok
000578,test,ok,ok
000580,test,ok,ok
000581,test,ok,ok
000582,test,ok,ok
000583,test,ok,ok
000584,test,ok,ok
000585,test,ok,ok
000587,test,ok,ok
000586,test,ok,ok
000588,test,ok,ok
000589,test,ok,ok
000590,test,ok,ok
000592,test,ok,ok
000593,test,ok,ok
000594,test,ok,ok
000591,test,ok,ok
000596,test,ok,ok
000595,test,ok,ok
000597,test,ok,ok
000600,test,ok,ok
000598,test,ok,ok
000603,test,ok,ok
000601,test,ok,ok
000599,test,ok,ok
000605,test,ok,ok
000602,test,ok,ok
000604,test,ok,ok
000606,test,ok,ok
000608,test,ok,ok
000613,test,ok,ok
000611,test,ok,ok
000609,test,ok,ok
000610,test,ok,ok
000607,test,ok,ok
000614,test,ok,ok
000615,test,ok,ok
000612,test,ok,ok
000617,test,ok,ok
000616,test,ok,ok
000619,test,ok,ok
000618,test,ok,ok
000620,test,ok,ok
000621,test,ok,ok
000623,test,ok,ok
000624,test,ok,ok
000626,test,ok,ok
000622,test,ok,ok
000628,test,ok,ok
000625,test,ok,ok
000630,test,ok,ok
000627,test,ok,ok
000629,test,ok,ok
000632,test,ok,ok
000633,test,ok,ok
000634,test,ok,ok
000631,test,ok,ok
000635,test,ok,ok
000636,test,ok,ok
000638,test,ok,ok
000639,test,ok,ok
000637,test,ok,ok
000641,test,ok,ok
000640,test,ok,ok
000642,test,ok,ok
000643,test,ok,ok
000645,test,ok,ok
000644,test,ok,ok
000647,test,ok,ok
000646,test,ok,ok
000649,test,ok,ok
000648,test,ok,ok
000651,test,ok,ok
000652,test,ok,ok
000650,test,ok,ok
000653,test,ok,ok
000656,test,ok,ok
000658,test,ok,ok
000655,test,ok,ok
000657,test,ok,ok
000654,test,ok,ok
000659,test,ok,ok
000661,test,ok,ok
000660,test,ok,ok
000663,test,ok,ok
000662,test,ok,ok
000664,test,ok,ok
000670,test,ok,ok
000665,test,ok,ok
000666,test,ok,ok
000668,test,ok,ok
000667,test,ok,ok
000669,test,ok,ok
000671,test,ok,ok
000672,test,ok,ok
000675,test,ok,ok
000674,test,ok,ok
000673,test,ok,ok
000676,test,ok,ok
000681,test,ok,ok
000682,test,ok,ok
000679,test,ok,ok
000677,test,ok,ok
000680,test,ok,ok
000678,test,ok,ok
000685,test,ok,ok
000684,test,ok,ok
000683,test,ok,ok
000686,test,ok,ok
000687,test,ok,ok
000688,test,ok,ok
000689,test,ok,ok
000690,test,ok,ok
000691,test,ok,ok
000692,test,ok,ok
000693,test,ok,ok
000694,test,ok,ok
000697,test,ok,ok
000696,test,ok,ok
000695,test,ok,ok
000700,test,ok,ok
000699,test,ok,ok
000702,test,ok,ok
000701,test,ok,ok
000698,test,ok,ok
000703,test,ok,ok
000704,test,ok,ok
000705,test,ok,ok
000706,test,ok,ok
000707,test,ok,ok
000709,test,ok,ok
000710,test,ok,ok
000712,test,ok,ok
000708,test,ok,ok
000713,test,ok,ok
000714,test,ok,ok
000711,test,ok,ok
000715,test,ok,ok
000719,test,ok,ok
000716,test,ok,ok
000717,test,ok,ok
000718,test,ok,ok
000721,test,ok,ok
000725,test,ok,ok
000722,test,ok,ok
000728,test,ok,ok
000723,test,ok,ok
000726,test,ok,ok
000724,test,ok,ok
000720,test,ok,ok
000727,test,ok,ok
000729,test,ok,ok
000730,test,ok,ok
000731,test,ok,ok
000735,test,ok,ok
000733,test,ok,ok
000734,test,ok,ok
000736,test,ok,ok
000737,test,ok,ok
000732,test,ok,ok
000739,test,ok,ok
000738,test,ok,ok
000742,test,ok,ok
000740,test,ok,ok
000741,test,ok,ok
000743,test,ok,ok
000745,test,ok,ok
000746,test,ok,ok
000744,test,ok,ok
000748,test,ok,ok
000747,test,ok,ok
000749,test,ok,ok
000751,test,ok,ok
000750,test,ok,ok
000755,test,ok,ok
000752,test,ok,ok
000754,test,ok,ok
000757,test,ok,ok
000756,test,ok,ok
000753,test,ok,ok
000758,test,ok,ok
000759,test,ok,ok
000761,test,ok,ok
000760,test,ok,ok
000763,test,ok,ok
000762,test,ok,ok
000767,test,ok,ok
000766,test,ok,ok
000765,test,ok,ok
000769,test,ok,ok
000764,test,ok,ok
000768,test,ok,ok
000770,test,ok,ok
000772,test,ok,ok
000771,test,ok,ok
000773,test,ok,ok
000774,test,ok,ok
000776,test,ok,ok
000777,test,ok,ok
000775,test,ok,ok
000780,test,ok,ok
000779,test,ok,ok
000781,test,ok,ok
000778,test,ok,ok
000782,test,ok,ok
000786,test,ok,ok
000787,test,ok,ok
000783,test,ok,ok
000784,test,ok,ok
000790,test,ok,ok
000785,test,ok,ok
000788,test,ok,ok
000789,test,ok,ok
000792,test,ok,ok
000794,test,ok,ok
000791,test,ok,ok
000795,test,ok,ok
000793,test,ok,ok
000796,test,ok,ok
000800,test,ok,ok
000797,test,ok,ok
000798,test,ok,ok
000803,test,ok,ok
000802,test,ok,ok
000799,test,ok,ok
000807,test,ok,ok
000804,test,ok,ok
000806,test,ok,ok
000801,test,ok,ok
000808,test,ok,ok
000809,test,ok,ok
000810,test,ok,ok
000812,test,ok,ok
000813,test,ok,ok
000814,test,ok,ok
000805,test,ok,ok
000811,test,ok,ok
000817,test,ok,ok
000818,test,ok,ok
000819,test,ok,ok
000815,test,ok,ok
000816,test,ok,ok
000821,test,ok,ok
000822,test,ok,ok
000820,test,ok,ok
000823,test,ok,ok
000825,test,ok,ok
000824,test,ok,ok
000826,test,ok,ok
000829,test,ok,ok
000830,test,ok,ok
000828,test,ok,ok
000831,test,ok,ok
000827,test,ok,ok
000832,test,ok,ok
000833,test,ok,ok
000836,test,ok,ok
000837,test,ok,ok
000838,test,ok,ok
000835,test,ok,ok
000834,test,ok,ok
000839,test,ok,ok
000840,test,ok,ok
