method,backbone,pretrained,trainable_params_M,total_params_M,gflops,fps_rtx5090_bs1,batch_size,augmentation,mIoU,IoU_background,IoU_inclusion,IoU_patch,IoU_scratch,pixel_acc,seed,budget,notes
UNet-BN,UNet (base=64),none (scratch),31.04,31.04,,,16,Official SegNeXt augmentation,0.8290,0.9706,0.6997,0.8542,0.7916,0.9737,42,40k iters,Baseline (from scratch; BN + padded convs vs original 2015 UNet); best @ epoch 200
"DeepLabV3+ (ResNet-50, SMP)",ResNet-50,ImageNet-1K,26.68,26.68,,,16,Official SegNeXt augmentation,0.8264,0.9709,0.7117,0.8525,0.7705,0.9738,42,40k iters,SMP implementation; atrous rates 12/24/36 (SMP default); best @ epoch 170
SegNeXt-T (MSCAN-T),MSCAN-T,ImageNet-1K,4.23,4.23,,,16,Official SegNeXt augmentation,0.7825,0.9642,0.6660,0.8553,0.6445,,42,40k iters,Official recipe reproduction; PA to fill from re-eval
Ours (FastSAM + MSSA),FastSAM-x (frozen),SA-1B,1.93,69.93,,,1,Custom (flip/rot90/photometric),0.7897,0.9636,0.6278,0.8412,0.7262,,42,40k iters,Proposed. 68M frozen + 1.93M trainable; PA to fill from re-eval
Ours (no augmentation),FastSAM-x (frozen),SA-1B,1.93,69.93,,,1,none,0.7546,0.9575,0.5657,0.8064,0.6888,,42,40k iters,Ablation reference. 68M frozen + 1.93M trainable
Ours (NoLoRA PureDecoderP3P4),FastSAM-x (frozen),SA-1B,0.97,68.97,,,1,Basic (flip/rot/brightness/noise),0.7631,,,,,42,200 epochs,Minimal baseline. PureDecoderP3P4 + CE+Dice only. No adapter/spectral/freq/boundary/lovász. Clean reference for LoRA delta.
Ours (LoRA r=2),FastSAM-x (frozen + LoRA r=2),SA-1B,1.17,69.17,,,1,Basic (flip/rot/brightness/noise),0.7748,,,,,42,200 epochs,LoRA rank=2. ConvLoRA injected into neck. Delta=+1.17 vs NoLoRA baseline (0.7631→0.7748).
Ours (LoRA r=4),FastSAM-x (frozen + LoRA r=4),SA-1B,1.38,69.38,,,1,Basic (flip/rot/brightness/noise),0.7761,,,,,42,200 epochs,LoRA rank=4. Delta=+1.30 vs NoLoRA baseline. Diminishing vs r=2 (+0.13).
Ours (LoRA r=8),FastSAM-x (frozen + LoRA r=8),SA-1B,1.79,69.79,,,1,Basic (flip/rot/brightness/noise),0.7763,,,,,42,200 epochs,LoRA rank=8. Delta=+1.32 vs NoLoRA baseline. Fully saturated vs r=4 (+0.02). r=2 is sweet spot.
Ours (LoRA r=16),FastSAM-x (frozen + LoRA r=16),SA-1B,2.61,70.61,,,1,Basic (flip/rot/brightness/noise),0.7748,,,,,42,200 epochs,LoRA rank=16. Regression vs r=4/8. Overfitting: too much capacity for simple texture gap. Confirms r=2 optimal.
Ours (DefectPrompt K=5),FastSAM-x (frozen),SA-1B,1.08,69.08,,,1,Basic (flip/rot/brightness/noise),0.7656,,,,,42,200 epochs,DPG K=5. Delta=+0.25 vs NoLoRA. DPG adds 47K + P4 proj expands 65K = 112K extra. Diversity loss not delivering functional specialization.
Ours (BoundaryRefiner),FastSAM-x (frozen),SA-1B,1.06,69.06,,,1,Basic (flip/rot/brightness/noise),0.7472,,,,,42,200 epochs,Refine_BW2.0. Delta=-1.59 vs NoLoRA. Boundary-gated residual harms performance. No explicit boundary supervision → detector fails to learn meaningful edges.
Ours (PureDecoderP2P3P4),FastSAM-x (frozen),SA-1B,0.64,68.64,,,1,Basic (flip/rot/brightness/noise),0.7429,,,,,42,200 epochs,BiFPN P2+P3+P4. Delta=-2.02 vs P3P4 (0.7631). P2 features (H/4, SA-1B domain) are harmful — low-level textures from natural image domain mislead defect segmentation.
Ours (P2P3P4 + LoRA r=4),FastSAM-x (frozen + LoRA r=4),SA-1B,1.05,69.05,,,1,Basic (flip/rot/brightness/noise),0.7667,,,,,42,200 epochs,P2P3P4 with LoRA r=4. Delta=+0.36 vs NoLoRA baseline. LoRA rescues P2 from -2.02 to +0.36, but still -0.94 vs P3P4+LoRA r=4. P2 adds noise even with domain adaptation.
Ours (Frozen unfreeze script),FastSAM-x (frozen),SA-1B,0.97,68.97,,,1,Basic (flip/rot/brightness/noise),0.7624,,,,,42,200 epochs,Frozen baseline from unfreeze script. Consistent with NoLoRA 0.7631 (Δ=-0.0007, within seed variance). Reference for unfreeze sweep.
Ours (UF2 unfreeze last 2 layers),FastSAM-x (last 2 layers unfrozen),SA-1B,8.35,77.32,,,1,Basic (flip/rot/brightness/noise),0.7110,,,,,42,200 epochs,UF2: Δ=-5.14 vs Frozen. Catastrophic forgetting — full fine-tuning destroys SA-1B features. Proves LoRA's low-rank constraint is essential.
Ours (UF4 unfreeze last 4 layers),FastSAM-x (last 4 layers unfrozen),SA-1B,19.21,88.18,,,1,Basic (flip/rot/brightness/noise),0.7114,,,,,42,200 epochs,UF4: Δ=-5.10 vs Frozen. Converges to same ~0.711 floor as UF2. More params don't help — features collapse to same local minimum.
Ours (UF8 unfreeze last 8 layers),FastSAM-x (last 8 layers unfrozen),SA-1B,22.08,91.05,,,1,Basic (flip/rot/brightness/noise),0.7108,,,,,42,200 epochs,UF8: Δ=-5.16 vs Frozen. All three UF runs converge to ~0.711. Hard ceiling confirmed — YOLOv8 architecture cannot match DeepLabV3+ on this task even with full fine-tuning.
Ours (DA-FRN Full DCR+FDE+CDF),FastSAM-x (frozen + DA-FRN),SA-1B,1.44,69.44,,,1,Basic (flip/rot/brightness/noise),,,,,42,200 epochs,DA-FRN Full (DCR+FDE+CDF=472K + Decoder=970K). Feature rectification between backbone and decoder. Backbone fully frozen. Train: python tools/train/train_dafrn.py
Ours (DA-FRN DCR only),FastSAM-x (frozen + DCR),SA-1B,1.29,69.29,,,1,Basic (flip/rot/brightness/noise),0.7741,,,,42,200 epochs,DCR only (324K + Decoder). Δ=+1.10 vs NoLoRA. FUR P3=17.0% P4=27.7%. runs/neuseg_DAFRN_DCR_0718_1205
Ours (DA-FRN FDE only v2 spatial),FastSAM-x (frozen + FDE),SA-1B,0.98,68.98,,,1,Basic (flip/rot/brightness/noise),0.7646,,,,42,200 epochs,FDE only (6.7K + Decoder). Spatial DoP v2. Δ=+0.15 vs NoLoRA (noise-level). Best @ epoch 190. runs/neuseg_DAFRN_FDE_0718_1310
Ours (DA-FRN CDF only),FastSAM-x (frozen + CDF),SA-1B,1.12,69.12,,,1,Basic (flip/rot/brightness/noise),,,,,42,200 epochs,CDF only (146K + Decoder). Dynamic cross-scale fusion. Ablation: --no-dcr --no-fde --cdf
Ours (DA-FRN DCR+FDE),FastSAM-x (frozen + DCR+FDE),SA-1B,1.30,69.30,,,1,Basic (flip/rot/brightness/noise),,,,,42,200 epochs,DCR+FDE combined (327K + Decoder). Without CDF. Tests if channel+freq suffice without dynamic fusion. --dcr --fde --no-cdf
